==26220== NVPROF is profiling process 26220, command: ../darknet --test_type normalization --bidirection -1 -s 1
==26220== Some kernel(s) will be replayed on device 0 in order to collect all events/metrics.
==26220== Warning: Profiling results might be incorrect with current version of nvcc compiler used to compile cuda app. Compile with nvcc compiler 9.0 or later version to get correct profiling results. Ignore this warning if code is already compiled with the recommended nvcc version 
==26220== Profiling application: ../darknet --test_type normalization --bidirection -1 -s 1
==26220== Profiling result:
==26220== Metric result:
"Device","Kernel","Invocations","Metric Name","Metric Description","Min","Max","Avg"
"Tesla P100-SXM2-16GB (0)","void cudnn::detail::lrnBackward<int=5, float, float>(cudnn::detail::LrnBackwardParams<float, float>)",1,"inst_per_warp","Instructions per warp",593.096154,593.096154,593.096154
"Tesla P100-SXM2-16GB (0)","void cudnn::detail::lrnBackward<int=5, float, float>(cudnn::detail::LrnBackwardParams<float, float>)",1,"branch_efficiency","Branch Efficiency",100.000000%,100.000000%,100.000000%
"Tesla P100-SXM2-16GB (0)","void cudnn::detail::lrnBackward<int=5, float, float>(cudnn::detail::LrnBackwardParams<float, float>)",1,"warp_execution_efficiency","Warp Execution Efficiency",100.000000%,100.000000%,100.000000%
"Tesla P100-SXM2-16GB (0)","void cudnn::detail::lrnBackward<int=5, float, float>(cudnn::detail::LrnBackwardParams<float, float>)",1,"warp_nonpred_execution_efficiency","Warp Non-Predicated Execution Efficiency",86.167764%,86.167764%,86.167764%
"Tesla P100-SXM2-16GB (0)","void cudnn::detail::lrnBackward<int=5, float, float>(cudnn::detail::LrnBackwardParams<float, float>)",1,"inst_replay_overhead","Instruction Replay Overhead",0.003982,0.003982,0.003982
"Tesla P100-SXM2-16GB (0)","void cudnn::detail::lrnBackward<int=5, float, float>(cudnn::detail::LrnBackwardParams<float, float>)",1,"shared_load_transactions_per_request","Shared Memory Load Transactions Per Request",0.000000,0.000000,0.000000
"Tesla P100-SXM2-16GB (0)","void cudnn::detail::lrnBackward<int=5, float, float>(cudnn::detail::LrnBackwardParams<float, float>)",1,"shared_store_transactions_per_request","Shared Memory Store Transactions Per Request",0.000000,0.000000,0.000000
"Tesla P100-SXM2-16GB (0)","void cudnn::detail::lrnBackward<int=5, float, float>(cudnn::detail::LrnBackwardParams<float, float>)",1,"local_load_transactions_per_request","Local Memory Load Transactions Per Request",0.000000,0.000000,0.000000
"Tesla P100-SXM2-16GB (0)","void cudnn::detail::lrnBackward<int=5, float, float>(cudnn::detail::LrnBackwardParams<float, float>)",1,"local_store_transactions_per_request","Local Memory Store Transactions Per Request",0.000000,0.000000,0.000000
"Tesla P100-SXM2-16GB (0)","void cudnn::detail::lrnBackward<int=5, float, float>(cudnn::detail::LrnBackwardParams<float, float>)",1,"gld_transactions_per_request","Global Load Transactions Per Request",5.647096,5.647096,5.647096
"Tesla P100-SXM2-16GB (0)","void cudnn::detail::lrnBackward<int=5, float, float>(cudnn::detail::LrnBackwardParams<float, float>)",1,"gst_transactions_per_request","Global Store Transactions Per Request",4.000000,4.000000,4.000000
"Tesla P100-SXM2-16GB (0)","void cudnn::detail::lrnBackward<int=5, float, float>(cudnn::detail::LrnBackwardParams<float, float>)",1,"shared_store_transactions","Shared Store Transactions",0,0,0
"Tesla P100-SXM2-16GB (0)","void cudnn::detail::lrnBackward<int=5, float, float>(cudnn::detail::LrnBackwardParams<float, float>)",1,"shared_load_transactions","Shared Load Transactions",0,0,0
"Tesla P100-SXM2-16GB (0)","void cudnn::detail::lrnBackward<int=5, float, float>(cudnn::detail::LrnBackwardParams<float, float>)",1,"local_load_transactions","Local Load Transactions",0,0,0
"Tesla P100-SXM2-16GB (0)","void cudnn::detail::lrnBackward<int=5, float, float>(cudnn::detail::LrnBackwardParams<float, float>)",1,"local_store_transactions","Local Store Transactions",0,0,0
"Tesla P100-SXM2-16GB (0)","void cudnn::detail::lrnBackward<int=5, float, float>(cudnn::detail::LrnBackwardParams<float, float>)",1,"gld_transactions","Global Load Transactions",301058,301058,301058
"Tesla P100-SXM2-16GB (0)","void cudnn::detail::lrnBackward<int=5, float, float>(cudnn::detail::LrnBackwardParams<float, float>)",1,"gst_transactions","Global Store Transactions",37632,37632,37632
"Tesla P100-SXM2-16GB (0)","void cudnn::detail::lrnBackward<int=5, float, float>(cudnn::detail::LrnBackwardParams<float, float>)",1,"sysmem_read_transactions","System Memory Read Transactions",0,0,0
"Tesla P100-SXM2-16GB (0)","void cudnn::detail::lrnBackward<int=5, float, float>(cudnn::detail::LrnBackwardParams<float, float>)",1,"sysmem_write_transactions","System Memory Write Transactions",5,5,5
"Tesla P100-SXM2-16GB (0)","void cudnn::detail::lrnBackward<int=5, float, float>(cudnn::detail::LrnBackwardParams<float, float>)",1,"l2_read_transactions","L2 Read Transactions",75360,75360,75360
"Tesla P100-SXM2-16GB (0)","void cudnn::detail::lrnBackward<int=5, float, float>(cudnn::detail::LrnBackwardParams<float, float>)",1,"l2_write_transactions","L2 Write Transactions",37707,37707,37707
"Tesla P100-SXM2-16GB (0)","void cudnn::detail::lrnBackward<int=5, float, float>(cudnn::detail::LrnBackwardParams<float, float>)",1,"dram_read_transactions","Device Memory Read Transactions",50597,50597,50597
"Tesla P100-SXM2-16GB (0)","void cudnn::detail::lrnBackward<int=5, float, float>(cudnn::detail::LrnBackwardParams<float, float>)",1,"dram_write_transactions","Device Memory Write Transactions",32902,32902,32902
"Tesla P100-SXM2-16GB (0)","void cudnn::detail::lrnBackward<int=5, float, float>(cudnn::detail::LrnBackwardParams<float, float>)",1,"global_hit_rate","Global Hit Rate in unified l1/tex",0.000000%,0.000000%,0.000000%
"Tesla P100-SXM2-16GB (0)","void cudnn::detail::lrnBackward<int=5, float, float>(cudnn::detail::LrnBackwardParams<float, float>)",1,"local_hit_rate","Local Hit Rate",0.000000%,0.000000%,0.000000%
"Tesla P100-SXM2-16GB (0)","void cudnn::detail::lrnBackward<int=5, float, float>(cudnn::detail::LrnBackwardParams<float, float>)",1,"gld_requested_throughput","Requested Global Load Throughput",98.764563GB/s,98.764563GB/s,98.764563GB/s
"Tesla P100-SXM2-16GB (0)","void cudnn::detail::lrnBackward<int=5, float, float>(cudnn::detail::LrnBackwardParams<float, float>)",1,"gst_requested_throughput","Requested Global Store Throughput",49.382282GB/s,49.382282GB/s,49.382281GB/s
"Tesla P100-SXM2-16GB (0)","void cudnn::detail::lrnBackward<int=5, float, float>(cudnn::detail::LrnBackwardParams<float, float>)",1,"gld_throughput","Global Load Throughput",98.764563GB/s,98.764563GB/s,98.764563GB/s
"Tesla P100-SXM2-16GB (0)","void cudnn::detail::lrnBackward<int=5, float, float>(cudnn::detail::LrnBackwardParams<float, float>)",1,"gst_throughput","Global Store Throughput",49.382282GB/s,49.382282GB/s,49.382281GB/s
"Tesla P100-SXM2-16GB (0)","void cudnn::detail::lrnBackward<int=5, float, float>(cudnn::detail::LrnBackwardParams<float, float>)",1,"local_memory_overhead","Local Memory Overhead",0.000000%,0.000000%,0.000000%
"Tesla P100-SXM2-16GB (0)","void cudnn::detail::lrnBackward<int=5, float, float>(cudnn::detail::LrnBackwardParams<float, float>)",1,"tex_cache_hit_rate","Unified Cache Hit Rate",50.000000%,50.000000%,50.000000%
"Tesla P100-SXM2-16GB (0)","void cudnn::detail::lrnBackward<int=5, float, float>(cudnn::detail::LrnBackwardParams<float, float>)",1,"l2_tex_read_hit_rate","L2 Hit Rate (Texture Reads)",34.948980%,34.948980%,34.948980%
"Tesla P100-SXM2-16GB (0)","void cudnn::detail::lrnBackward<int=5, float, float>(cudnn::detail::LrnBackwardParams<float, float>)",1,"l2_tex_write_hit_rate","L2 Hit Rate (Texture Writes)",0.233844%,0.233844%,0.233844%
"Tesla P100-SXM2-16GB (0)","void cudnn::detail::lrnBackward<int=5, float, float>(cudnn::detail::LrnBackwardParams<float, float>)",1,"dram_read_throughput","Device Memory Read Throughput",66.395496GB/s,66.395496GB/s,66.395496GB/s
"Tesla P100-SXM2-16GB (0)","void cudnn::detail::lrnBackward<int=5, float, float>(cudnn::detail::LrnBackwardParams<float, float>)",1,"dram_write_throughput","Device Memory Write Throughput",43.175378GB/s,43.175378GB/s,43.175378GB/s
"Tesla P100-SXM2-16GB (0)","void cudnn::detail::lrnBackward<int=5, float, float>(cudnn::detail::LrnBackwardParams<float, float>)",1,"tex_cache_throughput","Unified Cache Throughput",98.764563GB/s,98.764563GB/s,98.764563GB/s
"Tesla P100-SXM2-16GB (0)","void cudnn::detail::lrnBackward<int=5, float, float>(cudnn::detail::LrnBackwardParams<float, float>)",1,"l2_tex_read_throughput","L2 Throughput (Texture Reads)",98.764563GB/s,98.764563GB/s,98.764563GB/s
"Tesla P100-SXM2-16GB (0)","void cudnn::detail::lrnBackward<int=5, float, float>(cudnn::detail::LrnBackwardParams<float, float>)",1,"l2_tex_write_throughput","L2 Throughput (Texture Writes)",49.382282GB/s,49.382282GB/s,49.382281GB/s
"Tesla P100-SXM2-16GB (0)","void cudnn::detail::lrnBackward<int=5, float, float>(cudnn::detail::LrnBackwardParams<float, float>)",1,"l2_read_throughput","L2 Throughput (Reads)",98.890538GB/s,98.890538GB/s,98.890538GB/s
"Tesla P100-SXM2-16GB (0)","void cudnn::detail::lrnBackward<int=5, float, float>(cudnn::detail::LrnBackwardParams<float, float>)",1,"l2_write_throughput","L2 Throughput (Writes)",49.480700GB/s,49.480700GB/s,49.480700GB/s
"Tesla P100-SXM2-16GB (0)","void cudnn::detail::lrnBackward<int=5, float, float>(cudnn::detail::LrnBackwardParams<float, float>)",1,"sysmem_read_throughput","System Memory Read Throughput",0.000000B/s,0.000000B/s,0.000000B/s
"Tesla P100-SXM2-16GB (0)","void cudnn::detail::lrnBackward<int=5, float, float>(cudnn::detail::LrnBackwardParams<float, float>)",1,"sysmem_write_throughput","System Memory Write Throughput",6.718678MB/s,6.718678MB/s,6.718636MB/s
"Tesla P100-SXM2-16GB (0)","void cudnn::detail::lrnBackward<int=5, float, float>(cudnn::detail::LrnBackwardParams<float, float>)",1,"local_load_throughput","Local Memory Load Throughput",0.000000B/s,0.000000B/s,0.000000B/s
"Tesla P100-SXM2-16GB (0)","void cudnn::detail::lrnBackward<int=5, float, float>(cudnn::detail::LrnBackwardParams<float, float>)",1,"local_store_throughput","Local Memory Store Throughput",0.000000B/s,0.000000B/s,0.000000B/s
"Tesla P100-SXM2-16GB (0)","void cudnn::detail::lrnBackward<int=5, float, float>(cudnn::detail::LrnBackwardParams<float, float>)",1,"shared_load_throughput","Shared Memory Load Throughput",0.000000B/s,0.000000B/s,0.000000B/s
"Tesla P100-SXM2-16GB (0)","void cudnn::detail::lrnBackward<int=5, float, float>(cudnn::detail::LrnBackwardParams<float, float>)",1,"shared_store_throughput","Shared Memory Store Throughput",0.000000B/s,0.000000B/s,0.000000B/s
"Tesla P100-SXM2-16GB (0)","void cudnn::detail::lrnBackward<int=5, float, float>(cudnn::detail::LrnBackwardParams<float, float>)",1,"gld_efficiency","Global Memory Load Efficiency",100.000000%,100.000000%,100.000000%
"Tesla P100-SXM2-16GB (0)","void cudnn::detail::lrnBackward<int=5, float, float>(cudnn::detail::LrnBackwardParams<float, float>)",1,"gst_efficiency","Global Memory Store Efficiency",100.000000%,100.000000%,100.000000%
"Tesla P100-SXM2-16GB (0)","void cudnn::detail::lrnBackward<int=5, float, float>(cudnn::detail::LrnBackwardParams<float, float>)",1,"tex_cache_transactions","Unified Cache Transactions",75264,75264,75264
"Tesla P100-SXM2-16GB (0)","void cudnn::detail::lrnBackward<int=5, float, float>(cudnn::detail::LrnBackwardParams<float, float>)",1,"flop_count_dp","Floating Point Operations(Double Precision)",0,0,0
"Tesla P100-SXM2-16GB (0)","void cudnn::detail::lrnBackward<int=5, float, float>(cudnn::detail::LrnBackwardParams<float, float>)",1,"flop_count_dp_add","Floating Point Operations(Double Precision Add)",0,0,0
"Tesla P100-SXM2-16GB (0)","void cudnn::detail::lrnBackward<int=5, float, float>(cudnn::detail::LrnBackwardParams<float, float>)",1,"flop_count_dp_fma","Floating Point Operations(Double Precision FMA)",0,0,0
"Tesla P100-SXM2-16GB (0)","void cudnn::detail::lrnBackward<int=5, float, float>(cudnn::detail::LrnBackwardParams<float, float>)",1,"flop_count_dp_mul","Floating Point Operations(Double Precision Mul)",0,0,0
"Tesla P100-SXM2-16GB (0)","void cudnn::detail::lrnBackward<int=5, float, float>(cudnn::detail::LrnBackwardParams<float, float>)",1,"flop_count_sp","Floating Point Operations(Single Precision)",9332736,9332736,9332736
"Tesla P100-SXM2-16GB (0)","void cudnn::detail::lrnBackward<int=5, float, float>(cudnn::detail::LrnBackwardParams<float, float>)",1,"flop_count_sp_add","Floating Point Operations(Single Precision Add)",1003520,1003520,1003520
"Tesla P100-SXM2-16GB (0)","void cudnn::detail::lrnBackward<int=5, float, float>(cudnn::detail::LrnBackwardParams<float, float>)",1,"flop_count_sp_fma","Floating Point Operations(Single Precision FMA)",2207744,2207744,2207744
"Tesla P100-SXM2-16GB (0)","void cudnn::detail::lrnBackward<int=5, float, float>(cudnn::detail::LrnBackwardParams<float, float>)",1,"flop_count_sp_mul","Floating Point Operation(Single Precision Mul)",3913728,3913728,3913728
"Tesla P100-SXM2-16GB (0)","void cudnn::detail::lrnBackward<int=5, float, float>(cudnn::detail::LrnBackwardParams<float, float>)",1,"flop_count_sp_special","Floating Point Operations(Single Precision Special)",1404928,1404928,1404928
"Tesla P100-SXM2-16GB (0)","void cudnn::detail::lrnBackward<int=5, float, float>(cudnn::detail::LrnBackwardParams<float, float>)",1,"inst_executed","Instructions Executed",1973824,1973824,1973824
"Tesla P100-SXM2-16GB (0)","void cudnn::detail::lrnBackward<int=5, float, float>(cudnn::detail::LrnBackwardParams<float, float>)",1,"inst_issued","Instructions Issued",1981684,1981684,1981684
"Tesla P100-SXM2-16GB (0)","void cudnn::detail::lrnBackward<int=5, float, float>(cudnn::detail::LrnBackwardParams<float, float>)",1,"dram_utilization","Device Memory Utilization","Low (2)","Low (2)","Low (2)"
"Tesla P100-SXM2-16GB (0)","void cudnn::detail::lrnBackward<int=5, float, float>(cudnn::detail::LrnBackwardParams<float, float>)",1,"sysmem_utilization","System Memory Utilization","Low (1)","Low (1)","Low (1)"
"Tesla P100-SXM2-16GB (0)","void cudnn::detail::lrnBackward<int=5, float, float>(cudnn::detail::LrnBackwardParams<float, float>)",1,"stall_inst_fetch","Issue Stall Reasons (Instructions Fetch)",21.453669%,21.453669%,21.453669%
"Tesla P100-SXM2-16GB (0)","void cudnn::detail::lrnBackward<int=5, float, float>(cudnn::detail::LrnBackwardParams<float, float>)",1,"stall_exec_dependency","Issue Stall Reasons (Execution Dependency)",18.119290%,18.119290%,18.119290%
"Tesla P100-SXM2-16GB (0)","void cudnn::detail::lrnBackward<int=5, float, float>(cudnn::detail::LrnBackwardParams<float, float>)",1,"stall_memory_dependency","Issue Stall Reasons (Data Request)",8.635389%,8.635389%,8.635389%
"Tesla P100-SXM2-16GB (0)","void cudnn::detail::lrnBackward<int=5, float, float>(cudnn::detail::LrnBackwardParams<float, float>)",1,"stall_texture","Issue Stall Reasons (Texture)",0.019778%,0.019778%,0.019778%
"Tesla P100-SXM2-16GB (0)","void cudnn::detail::lrnBackward<int=5, float, float>(cudnn::detail::LrnBackwardParams<float, float>)",1,"stall_sync","Issue Stall Reasons (Synchronization)",0.000000%,0.000000%,0.000000%
"Tesla P100-SXM2-16GB (0)","void cudnn::detail::lrnBackward<int=5, float, float>(cudnn::detail::LrnBackwardParams<float, float>)",1,"stall_other","Issue Stall Reasons (Other)",42.602710%,42.602710%,42.602710%
"Tesla P100-SXM2-16GB (0)","void cudnn::detail::lrnBackward<int=5, float, float>(cudnn::detail::LrnBackwardParams<float, float>)",1,"stall_constant_memory_dependency","Issue Stall Reasons (Immediate constant)",3.858080%,3.858080%,3.858080%
"Tesla P100-SXM2-16GB (0)","void cudnn::detail::lrnBackward<int=5, float, float>(cudnn::detail::LrnBackwardParams<float, float>)",1,"stall_pipe_busy","Issue Stall Reasons (Pipe Busy)",1.455796%,1.455796%,1.455796%
"Tesla P100-SXM2-16GB (0)","void cudnn::detail::lrnBackward<int=5, float, float>(cudnn::detail::LrnBackwardParams<float, float>)",1,"shared_efficiency","Shared Memory Efficiency",0.000000%,0.000000%,0.000000%
"Tesla P100-SXM2-16GB (0)","void cudnn::detail::lrnBackward<int=5, float, float>(cudnn::detail::LrnBackwardParams<float, float>)",1,"inst_fp_32","FP Instructions(Single)",15454208,15454208,15454208
"Tesla P100-SXM2-16GB (0)","void cudnn::detail::lrnBackward<int=5, float, float>(cudnn::detail::LrnBackwardParams<float, float>)",1,"inst_fp_64","FP Instructions(Double)",0,0,0
"Tesla P100-SXM2-16GB (0)","void cudnn::detail::lrnBackward<int=5, float, float>(cudnn::detail::LrnBackwardParams<float, float>)",1,"inst_integer","Integer Instructions",23379968,23379968,23379968
"Tesla P100-SXM2-16GB (0)","void cudnn::detail::lrnBackward<int=5, float, float>(cudnn::detail::LrnBackwardParams<float, float>)",1,"inst_bit_convert","Bit-Convert Instructions",0,0,0
"Tesla P100-SXM2-16GB (0)","void cudnn::detail::lrnBackward<int=5, float, float>(cudnn::detail::LrnBackwardParams<float, float>)",1,"inst_control","Control-Flow Instructions",5324800,5324800,5324800
"Tesla P100-SXM2-16GB (0)","void cudnn::detail::lrnBackward<int=5, float, float>(cudnn::detail::LrnBackwardParams<float, float>)",1,"inst_compute_ld_st","Load/Store Instructions",903168,903168,903168
"Tesla P100-SXM2-16GB (0)","void cudnn::detail::lrnBackward<int=5, float, float>(cudnn::detail::LrnBackwardParams<float, float>)",1,"inst_misc","Misc Instructions",9363456,9363456,9363456
"Tesla P100-SXM2-16GB (0)","void cudnn::detail::lrnBackward<int=5, float, float>(cudnn::detail::LrnBackwardParams<float, float>)",1,"inst_inter_thread_communication","Inter-Thread Instructions",0,0,0
"Tesla P100-SXM2-16GB (0)","void cudnn::detail::lrnBackward<int=5, float, float>(cudnn::detail::LrnBackwardParams<float, float>)",1,"issue_slots","Issue Slots",1844191,1844191,1844191
"Tesla P100-SXM2-16GB (0)","void cudnn::detail::lrnBackward<int=5, float, float>(cudnn::detail::LrnBackwardParams<float, float>)",1,"cf_issued","Issued Control-Flow Instructions",273216,273216,273216
"Tesla P100-SXM2-16GB (0)","void cudnn::detail::lrnBackward<int=5, float, float>(cudnn::detail::LrnBackwardParams<float, float>)",1,"cf_executed","Executed Control-Flow Instructions",273216,273216,273216
"Tesla P100-SXM2-16GB (0)","void cudnn::detail::lrnBackward<int=5, float, float>(cudnn::detail::LrnBackwardParams<float, float>)",1,"ldst_issued","Issued Load/Store Instructions",122688,122688,122688
"Tesla P100-SXM2-16GB (0)","void cudnn::detail::lrnBackward<int=5, float, float>(cudnn::detail::LrnBackwardParams<float, float>)",1,"ldst_executed","Executed Load/Store Instructions",72512,72512,72512
"Tesla P100-SXM2-16GB (0)","void cudnn::detail::lrnBackward<int=5, float, float>(cudnn::detail::LrnBackwardParams<float, float>)",1,"atomic_transactions","Atomic Transactions",0,0,0
"Tesla P100-SXM2-16GB (0)","void cudnn::detail::lrnBackward<int=5, float, float>(cudnn::detail::LrnBackwardParams<float, float>)",1,"atomic_transactions_per_request","Atomic Transactions Per Request",0.000000,0.000000,0.000000
"Tesla P100-SXM2-16GB (0)","void cudnn::detail::lrnBackward<int=5, float, float>(cudnn::detail::LrnBackwardParams<float, float>)",1,"l2_atomic_throughput","L2 Throughput (Atomic requests)",0.000000B/s,0.000000B/s,0.000000B/s
"Tesla P100-SXM2-16GB (0)","void cudnn::detail::lrnBackward<int=5, float, float>(cudnn::detail::LrnBackwardParams<float, float>)",1,"l2_atomic_transactions","L2 Transactions (Atomic requests)",0,0,0
"Tesla P100-SXM2-16GB (0)","void cudnn::detail::lrnBackward<int=5, float, float>(cudnn::detail::LrnBackwardParams<float, float>)",1,"l2_tex_read_transactions","L2 Transactions (Texture Reads)",75264,75264,75264
"Tesla P100-SXM2-16GB (0)","void cudnn::detail::lrnBackward<int=5, float, float>(cudnn::detail::LrnBackwardParams<float, float>)",1,"stall_memory_throttle","Issue Stall Reasons (Memory Throttle)",0.009134%,0.009134%,0.009134%
"Tesla P100-SXM2-16GB (0)","void cudnn::detail::lrnBackward<int=5, float, float>(cudnn::detail::LrnBackwardParams<float, float>)",1,"stall_not_selected","Issue Stall Reasons (Not Selected)",3.846153%,3.846153%,3.846153%
"Tesla P100-SXM2-16GB (0)","void cudnn::detail::lrnBackward<int=5, float, float>(cudnn::detail::LrnBackwardParams<float, float>)",1,"l2_tex_write_transactions","L2 Transactions (Texture Writes)",37632,37632,37632
"Tesla P100-SXM2-16GB (0)","void cudnn::detail::lrnBackward<int=5, float, float>(cudnn::detail::LrnBackwardParams<float, float>)",1,"nvlink_total_data_transmitted","NVLink Total Data Transmitted",576,576,576
"Tesla P100-SXM2-16GB (0)","void cudnn::detail::lrnBackward<int=5, float, float>(cudnn::detail::LrnBackwardParams<float, float>)",1,"nvlink_total_data_received","NVLink Total Data Received",384,384,384
"Tesla P100-SXM2-16GB (0)","void cudnn::detail::lrnBackward<int=5, float, float>(cudnn::detail::LrnBackwardParams<float, float>)",1,"nvlink_user_data_transmitted","NVLink User Data Transmitted",0,0,0
"Tesla P100-SXM2-16GB (0)","void cudnn::detail::lrnBackward<int=5, float, float>(cudnn::detail::LrnBackwardParams<float, float>)",1,"nvlink_user_data_received","NVLink User Data Received",0,0,0
"Tesla P100-SXM2-16GB (0)","void cudnn::detail::lrnBackward<int=5, float, float>(cudnn::detail::LrnBackwardParams<float, float>)",1,"nvlink_overhead_data_transmitted","NVLink Overhead Data Transmitted",100.000000%,100.000000%,100.000000%
"Tesla P100-SXM2-16GB (0)","void cudnn::detail::lrnBackward<int=5, float, float>(cudnn::detail::LrnBackwardParams<float, float>)",1,"nvlink_overhead_data_received","NVLink Overhead Data Received",100.000000%,100.000000%,100.000000%
"Tesla P100-SXM2-16GB (0)","void cudnn::detail::lrnBackward<int=5, float, float>(cudnn::detail::LrnBackwardParams<float, float>)",1,"nvlink_total_nratom_data_transmitted","NVLink Total Nratom Data Transmitted",0,0,0
"Tesla P100-SXM2-16GB (0)","void cudnn::detail::lrnBackward<int=5, float, float>(cudnn::detail::LrnBackwardParams<float, float>)",1,"nvlink_user_nratom_data_transmitted","NVLink User Nratom Data Transmitted",0,0,0
"Tesla P100-SXM2-16GB (0)","void cudnn::detail::lrnBackward<int=5, float, float>(cudnn::detail::LrnBackwardParams<float, float>)",1,"nvlink_total_ratom_data_transmitted","NVLink Total Ratom Data Transmitted",0,0,0
"Tesla P100-SXM2-16GB (0)","void cudnn::detail::lrnBackward<int=5, float, float>(cudnn::detail::LrnBackwardParams<float, float>)",1,"nvlink_user_ratom_data_transmitted","NVLink User Ratom Data Transmitted",0,0,0
"Tesla P100-SXM2-16GB (0)","void cudnn::detail::lrnBackward<int=5, float, float>(cudnn::detail::LrnBackwardParams<float, float>)",1,"nvlink_total_write_data_transmitted","NVLink Total Write Data Transmitted",0,0,0
"Tesla P100-SXM2-16GB (0)","void cudnn::detail::lrnBackward<int=5, float, float>(cudnn::detail::LrnBackwardParams<float, float>)",1,"nvlink_user_write_data_transmitted","NVLink User Write Data Transmitted",0,0,0
"Tesla P100-SXM2-16GB (0)","void cudnn::detail::lrnBackward<int=5, float, float>(cudnn::detail::LrnBackwardParams<float, float>)",1,"nvlink_transmit_throughput","NVLink Transmit Throughput",24.187240MB/s,24.187240MB/s,24.187198MB/s
"Tesla P100-SXM2-16GB (0)","void cudnn::detail::lrnBackward<int=5, float, float>(cudnn::detail::LrnBackwardParams<float, float>)",1,"nvlink_receive_throughput","NVLink Receive Throughput",16.124826MB/s,16.124826MB/s,16.124784MB/s
"Tesla P100-SXM2-16GB (0)","void cudnn::detail::lrnBackward<int=5, float, float>(cudnn::detail::LrnBackwardParams<float, float>)",1,"nvlink_total_response_data_received","NVLink Total Response Data Received",0,0,0
"Tesla P100-SXM2-16GB (0)","void cudnn::detail::lrnBackward<int=5, float, float>(cudnn::detail::LrnBackwardParams<float, float>)",1,"nvlink_user_response_data_received","NVLink User Response Data Received",0,0,0
"Tesla P100-SXM2-16GB (0)","void cudnn::detail::lrnBackward<int=5, float, float>(cudnn::detail::LrnBackwardParams<float, float>)",1,"flop_count_hp","Floating Point Operations(Half Precision)",0,0,0
"Tesla P100-SXM2-16GB (0)","void cudnn::detail::lrnBackward<int=5, float, float>(cudnn::detail::LrnBackwardParams<float, float>)",1,"flop_count_hp_add","Floating Point Operations(Half Precision Add)",0,0,0
"Tesla P100-SXM2-16GB (0)","void cudnn::detail::lrnBackward<int=5, float, float>(cudnn::detail::LrnBackwardParams<float, float>)",1,"flop_count_hp_mul","Floating Point Operation(Half Precision Mul)",0,0,0
"Tesla P100-SXM2-16GB (0)","void cudnn::detail::lrnBackward<int=5, float, float>(cudnn::detail::LrnBackwardParams<float, float>)",1,"flop_count_hp_fma","Floating Point Operations(Half Precision FMA)",0,0,0
"Tesla P100-SXM2-16GB (0)","void cudnn::detail::lrnBackward<int=5, float, float>(cudnn::detail::LrnBackwardParams<float, float>)",1,"inst_fp_16","HP Instructions(Half)",0,0,0
"Tesla P100-SXM2-16GB (0)","void cudnn::detail::lrnBackward<int=5, float, float>(cudnn::detail::LrnBackwardParams<float, float>)",1,"ipc","Executed IPC",1.277469,1.277469,1.277469
"Tesla P100-SXM2-16GB (0)","void cudnn::detail::lrnBackward<int=5, float, float>(cudnn::detail::LrnBackwardParams<float, float>)",1,"issued_ipc","Issued IPC",1.288419,1.288419,1.288419
"Tesla P100-SXM2-16GB (0)","void cudnn::detail::lrnBackward<int=5, float, float>(cudnn::detail::LrnBackwardParams<float, float>)",1,"issue_slot_utilization","Issue Slot Utilization",59.958895%,59.958895%,59.958895%
"Tesla P100-SXM2-16GB (0)","void cudnn::detail::lrnBackward<int=5, float, float>(cudnn::detail::LrnBackwardParams<float, float>)",1,"sm_efficiency","Multiprocessor Activity",76.636335%,76.636335%,76.636335%
"Tesla P100-SXM2-16GB (0)","void cudnn::detail::lrnBackward<int=5, float, float>(cudnn::detail::LrnBackwardParams<float, float>)",1,"achieved_occupancy","Achieved Occupancy",0.407694,0.407694,0.407694
"Tesla P100-SXM2-16GB (0)","void cudnn::detail::lrnBackward<int=5, float, float>(cudnn::detail::LrnBackwardParams<float, float>)",1,"eligible_warps_per_cycle","Eligible Warps Per Active Cycle",2.177849,2.177849,2.177849
"Tesla P100-SXM2-16GB (0)","void cudnn::detail::lrnBackward<int=5, float, float>(cudnn::detail::LrnBackwardParams<float, float>)",1,"shared_utilization","Shared Memory Utilization","Idle (0)","Idle (0)","Idle (0)"
"Tesla P100-SXM2-16GB (0)","void cudnn::detail::lrnBackward<int=5, float, float>(cudnn::detail::LrnBackwardParams<float, float>)",1,"l2_utilization","L2 Cache Utilization","Low (1)","Low (1)","Low (1)"
"Tesla P100-SXM2-16GB (0)","void cudnn::detail::lrnBackward<int=5, float, float>(cudnn::detail::LrnBackwardParams<float, float>)",1,"tex_utilization","Unified Cache Utilization","Low (1)","Low (1)","Low (1)"
"Tesla P100-SXM2-16GB (0)","void cudnn::detail::lrnBackward<int=5, float, float>(cudnn::detail::LrnBackwardParams<float, float>)",1,"ldst_fu_utilization","Load/Store Function Unit Utilization","Low (1)","Low (1)","Low (1)"
"Tesla P100-SXM2-16GB (0)","void cudnn::detail::lrnBackward<int=5, float, float>(cudnn::detail::LrnBackwardParams<float, float>)",1,"cf_fu_utilization","Control-Flow Function Unit Utilization","Low (2)","Low (2)","Low (2)"
"Tesla P100-SXM2-16GB (0)","void cudnn::detail::lrnBackward<int=5, float, float>(cudnn::detail::LrnBackwardParams<float, float>)",1,"tex_fu_utilization","Texture Function Unit Utilization","Low (1)","Low (1)","Low (1)"
"Tesla P100-SXM2-16GB (0)","void cudnn::detail::lrnBackward<int=5, float, float>(cudnn::detail::LrnBackwardParams<float, float>)",1,"special_fu_utilization","Special Function Unit Utilization","Low (1)","Low (1)","Low (1)"
"Tesla P100-SXM2-16GB (0)","void cudnn::detail::lrnBackward<int=5, float, float>(cudnn::detail::LrnBackwardParams<float, float>)",1,"half_precision_fu_utilization","Half-Precision Function Unit Utilization","Idle (0)","Idle (0)","Idle (0)"
"Tesla P100-SXM2-16GB (0)","void cudnn::detail::lrnBackward<int=5, float, float>(cudnn::detail::LrnBackwardParams<float, float>)",1,"single_precision_fu_utilization","Single-Precision Function Unit Utilization","Mid (6)","Mid (6)","Mid (6)"
"Tesla P100-SXM2-16GB (0)","void cudnn::detail::lrnBackward<int=5, float, float>(cudnn::detail::LrnBackwardParams<float, float>)",1,"double_precision_fu_utilization","Double-Precision Function Unit Utilization","Idle (0)","Idle (0)","Idle (0)"
"Tesla P100-SXM2-16GB (0)","void cudnn::detail::lrnBackward<int=5, float, float>(cudnn::detail::LrnBackwardParams<float, float>)",1,"flop_hp_efficiency","FLOP Efficiency(Peak Half)",0.000000%,0.000000%,0.000000%
"Tesla P100-SXM2-16GB (0)","void cudnn::detail::lrnBackward<int=5, float, float>(cudnn::detail::LrnBackwardParams<float, float>)",1,"flop_sp_efficiency","FLOP Efficiency(Peak Single)",3.616394%,3.616394%,3.616394%
"Tesla P100-SXM2-16GB (0)","void cudnn::detail::lrnBackward<int=5, float, float>(cudnn::detail::LrnBackwardParams<float, float>)",1,"flop_dp_efficiency","FLOP Efficiency(Peak Double)",0.000000%,0.000000%,0.000000%
"Tesla P100-SXM2-16GB (0)","void cudnn::detail::lrnBackward<int=5, float, float>(cudnn::detail::LrnBackwardParams<float, float>)",1,"sysmem_read_utilization","System Memory Read Utilization","Idle (0)","Idle (0)","Idle (0)"
"Tesla P100-SXM2-16GB (0)","void cudnn::detail::lrnBackward<int=5, float, float>(cudnn::detail::LrnBackwardParams<float, float>)",1,"sysmem_write_utilization","System Memory Write Utilization","Low (1)","Low (1)","Low (1)"
"Tesla P100-SXM2-16GB (0)","void cudnn::detail::lrnBackward<int=5, float, float>(cudnn::detail::LrnBackwardParams<float, float>)",1,"pcie_total_data_transmitted","PCIe Total Data Transmitted",0,0,0
"Tesla P100-SXM2-16GB (0)","void cudnn::detail::lrnBackward<int=5, float, float>(cudnn::detail::LrnBackwardParams<float, float>)",1,"pcie_total_data_received","PCIe Total Data Received",0,0,0
"Tesla P100-SXM2-16GB (0)","void cudnn::detail::lrnBackward<int=5, float, float>(cudnn::detail::LrnBackwardParams<float, float>)",1,"inst_executed_global_loads","Warp level instructions for global loads",53312,53312,53312
"Tesla P100-SXM2-16GB (0)","void cudnn::detail::lrnBackward<int=5, float, float>(cudnn::detail::LrnBackwardParams<float, float>)",1,"inst_executed_local_loads","Warp level instructions for local loads",0,0,0
"Tesla P100-SXM2-16GB (0)","void cudnn::detail::lrnBackward<int=5, float, float>(cudnn::detail::LrnBackwardParams<float, float>)",1,"inst_executed_shared_loads","Warp level instructions for shared loads",0,0,0
"Tesla P100-SXM2-16GB (0)","void cudnn::detail::lrnBackward<int=5, float, float>(cudnn::detail::LrnBackwardParams<float, float>)",1,"inst_executed_surface_loads","Warp level instructions for surface loads",0,0,0
"Tesla P100-SXM2-16GB (0)","void cudnn::detail::lrnBackward<int=5, float, float>(cudnn::detail::LrnBackwardParams<float, float>)",1,"inst_executed_global_stores","Warp level instructions for global stores",9408,9408,9408
"Tesla P100-SXM2-16GB (0)","void cudnn::detail::lrnBackward<int=5, float, float>(cudnn::detail::LrnBackwardParams<float, float>)",1,"inst_executed_local_stores","Warp level instructions for local stores",0,0,0
"Tesla P100-SXM2-16GB (0)","void cudnn::detail::lrnBackward<int=5, float, float>(cudnn::detail::LrnBackwardParams<float, float>)",1,"inst_executed_shared_stores","Warp level instructions for shared stores",0,0,0
"Tesla P100-SXM2-16GB (0)","void cudnn::detail::lrnBackward<int=5, float, float>(cudnn::detail::LrnBackwardParams<float, float>)",1,"inst_executed_surface_stores","Warp level instructions for surface stores",0,0,0
"Tesla P100-SXM2-16GB (0)","void cudnn::detail::lrnBackward<int=5, float, float>(cudnn::detail::LrnBackwardParams<float, float>)",1,"inst_executed_global_atomics","Warp level instructions for global atom and atom cas",0,0,0
"Tesla P100-SXM2-16GB (0)","void cudnn::detail::lrnBackward<int=5, float, float>(cudnn::detail::LrnBackwardParams<float, float>)",1,"inst_executed_global_reductions","Warp level instructions for global reductions",0,0,0
"Tesla P100-SXM2-16GB (0)","void cudnn::detail::lrnBackward<int=5, float, float>(cudnn::detail::LrnBackwardParams<float, float>)",1,"inst_executed_surface_atomics","Warp level instructions for surface atom and atom cas",0,0,0
"Tesla P100-SXM2-16GB (0)","void cudnn::detail::lrnBackward<int=5, float, float>(cudnn::detail::LrnBackwardParams<float, float>)",1,"inst_executed_surface_reductions","Warp level instructions for surface reductions",0,0,0
"Tesla P100-SXM2-16GB (0)","void cudnn::detail::lrnBackward<int=5, float, float>(cudnn::detail::LrnBackwardParams<float, float>)",1,"inst_executed_shared_atomics","Warp level shared instructions for atom and atom CAS",0,0,0
"Tesla P100-SXM2-16GB (0)","void cudnn::detail::lrnBackward<int=5, float, float>(cudnn::detail::LrnBackwardParams<float, float>)",1,"inst_executed_tex_ops","Warp level instructions for texture",0,0,0
"Tesla P100-SXM2-16GB (0)","void cudnn::detail::lrnBackward<int=5, float, float>(cudnn::detail::LrnBackwardParams<float, float>)",1,"l2_global_load_bytes","Bytes read from L2 for misses in Unified Cache for global loads",2408448,2408448,2408448
"Tesla P100-SXM2-16GB (0)","void cudnn::detail::lrnBackward<int=5, float, float>(cudnn::detail::LrnBackwardParams<float, float>)",1,"l2_local_load_bytes","Bytes read from L2 for misses in Unified Cache for local loads",0,0,0
"Tesla P100-SXM2-16GB (0)","void cudnn::detail::lrnBackward<int=5, float, float>(cudnn::detail::LrnBackwardParams<float, float>)",1,"l2_surface_load_bytes","Bytes read from L2 for misses in Unified Cache for surface loads",0,0,0
"Tesla P100-SXM2-16GB (0)","void cudnn::detail::lrnBackward<int=5, float, float>(cudnn::detail::LrnBackwardParams<float, float>)",1,"dram_read_bytes","Total bytes read from DRAM to L2 cache",1619104,1619104,1619104
"Tesla P100-SXM2-16GB (0)","void cudnn::detail::lrnBackward<int=5, float, float>(cudnn::detail::LrnBackwardParams<float, float>)",1,"dram_write_bytes","Total bytes written from L2 cache to DRAM",1052864,1052864,1052864
"Tesla P100-SXM2-16GB (0)","void cudnn::detail::lrnBackward<int=5, float, float>(cudnn::detail::LrnBackwardParams<float, float>)",1,"l2_local_global_store_bytes","Bytes written to L2 from Unified Cache for local and global stores.",1204224,1204224,1204224
"Tesla P100-SXM2-16GB (0)","void cudnn::detail::lrnBackward<int=5, float, float>(cudnn::detail::LrnBackwardParams<float, float>)",1,"l2_global_reduction_bytes","Bytes written to L2 from Unified cache for global reductions",0,0,0
"Tesla P100-SXM2-16GB (0)","void cudnn::detail::lrnBackward<int=5, float, float>(cudnn::detail::LrnBackwardParams<float, float>)",1,"l2_global_atomic_store_bytes","Bytes written to L2 from Unified cache for global atomics",0,0,0
"Tesla P100-SXM2-16GB (0)","void cudnn::detail::lrnBackward<int=5, float, float>(cudnn::detail::LrnBackwardParams<float, float>)",1,"l2_surface_store_bytes","Bytes written to L2 from Unified Cache for surface stores.",0,0,0
"Tesla P100-SXM2-16GB (0)","void cudnn::detail::lrnBackward<int=5, float, float>(cudnn::detail::LrnBackwardParams<float, float>)",1,"l2_surface_reduction_bytes","Bytes written to L2 from Unified Cache for surface reductions",0,0,0
"Tesla P100-SXM2-16GB (0)","void cudnn::detail::lrnBackward<int=5, float, float>(cudnn::detail::LrnBackwardParams<float, float>)",1,"l2_surface_atomic_store_bytes","Bytes transferred between Unified Cache and L2 for surface atomics",0,0,0
"Tesla P100-SXM2-16GB (0)","void cudnn::detail::lrnBackward<int=5, float, float>(cudnn::detail::LrnBackwardParams<float, float>)",1,"global_load_requests","Total number of global load requests from Multiprocessor",75264,75264,75264
"Tesla P100-SXM2-16GB (0)","void cudnn::detail::lrnBackward<int=5, float, float>(cudnn::detail::LrnBackwardParams<float, float>)",1,"local_load_requests","Total number of local load requests from Multiprocessor",0,0,0
"Tesla P100-SXM2-16GB (0)","void cudnn::detail::lrnBackward<int=5, float, float>(cudnn::detail::LrnBackwardParams<float, float>)",1,"surface_load_requests","Total number of surface load requests from Multiprocessor",0,0,0
"Tesla P100-SXM2-16GB (0)","void cudnn::detail::lrnBackward<int=5, float, float>(cudnn::detail::LrnBackwardParams<float, float>)",1,"global_store_requests","Total number of global store requests from Multiprocessor",37632,37632,37632
"Tesla P100-SXM2-16GB (0)","void cudnn::detail::lrnBackward<int=5, float, float>(cudnn::detail::LrnBackwardParams<float, float>)",1,"local_store_requests","Total number of local store requests from Multiprocessor",0,0,0
"Tesla P100-SXM2-16GB (0)","void cudnn::detail::lrnBackward<int=5, float, float>(cudnn::detail::LrnBackwardParams<float, float>)",1,"surface_store_requests","Total number of surface store requests from Multiprocessor",0,0,0
"Tesla P100-SXM2-16GB (0)","void cudnn::detail::lrnBackward<int=5, float, float>(cudnn::detail::LrnBackwardParams<float, float>)",1,"global_atomic_requests","Total number of global atomic requests from Multiprocessor",0,0,0
"Tesla P100-SXM2-16GB (0)","void cudnn::detail::lrnBackward<int=5, float, float>(cudnn::detail::LrnBackwardParams<float, float>)",1,"global_reduction_requests","Total number of global reduction requests from Multiprocessor",0,0,0
"Tesla P100-SXM2-16GB (0)","void cudnn::detail::lrnBackward<int=5, float, float>(cudnn::detail::LrnBackwardParams<float, float>)",1,"surface_atomic_requests","Total number of surface atomic requests from Multiprocessor",0,0,0
"Tesla P100-SXM2-16GB (0)","void cudnn::detail::lrnBackward<int=5, float, float>(cudnn::detail::LrnBackwardParams<float, float>)",1,"surface_reduction_requests","Total number of surface reduction requests from Multiprocessor",0,0,0
"Tesla P100-SXM2-16GB (0)","void cudnn::detail::lrnBackward<int=5, float, float>(cudnn::detail::LrnBackwardParams<float, float>)",1,"sysmem_read_bytes","System Memory Read Bytes",0,0,0
"Tesla P100-SXM2-16GB (0)","void cudnn::detail::lrnBackward<int=5, float, float>(cudnn::detail::LrnBackwardParams<float, float>)",1,"sysmem_write_bytes","System Memory Write Bytes",160,160,160
"Tesla P100-SXM2-16GB (0)","void cudnn::detail::lrnBackward<int=5, float, float>(cudnn::detail::LrnBackwardParams<float, float>)",1,"l2_tex_hit_rate","L2 Cache Hit Rate",23.377268%,23.377268%,23.377268%
"Tesla P100-SXM2-16GB (0)","void cudnn::detail::lrnBackward<int=5, float, float>(cudnn::detail::LrnBackwardParams<float, float>)",1,"texture_load_requests","Total number of texture Load requests from Multiprocessor",0,0,0
"Tesla P100-SXM2-16GB (0)","void cudnn::detail::lrnBackward<int=5, float, float>(cudnn::detail::LrnBackwardParams<float, float>)",1,"unique_warps_launched","Number of warps launched",3328,3328,3328
"Tesla P100-SXM2-16GB (0)","fill_kernel(int, float, float*, int)",6,"inst_per_warp","Instructions per warp",23.000000,23.000000,23.000000
"Tesla P100-SXM2-16GB (0)","fill_kernel(int, float, float*, int)",6,"branch_efficiency","Branch Efficiency",100.000000%,100.000000%,100.000000%
"Tesla P100-SXM2-16GB (0)","fill_kernel(int, float, float*, int)",6,"warp_execution_efficiency","Warp Execution Efficiency",100.000000%,100.000000%,100.000000%
"Tesla P100-SXM2-16GB (0)","fill_kernel(int, float, float*, int)",6,"warp_nonpred_execution_efficiency","Warp Non-Predicated Execution Efficiency",95.652174%,95.652174%,95.652174%
"Tesla P100-SXM2-16GB (0)","fill_kernel(int, float, float*, int)",6,"inst_replay_overhead","Instruction Replay Overhead",0.024017,0.033126,0.028940
"Tesla P100-SXM2-16GB (0)","fill_kernel(int, float, float*, int)",6,"shared_load_transactions_per_request","Shared Memory Load Transactions Per Request",0.000000,0.000000,0.000000
"Tesla P100-SXM2-16GB (0)","fill_kernel(int, float, float*, int)",6,"shared_store_transactions_per_request","Shared Memory Store Transactions Per Request",0.000000,0.000000,0.000000
"Tesla P100-SXM2-16GB (0)","fill_kernel(int, float, float*, int)",6,"local_load_transactions_per_request","Local Memory Load Transactions Per Request",0.000000,0.000000,0.000000
"Tesla P100-SXM2-16GB (0)","fill_kernel(int, float, float*, int)",6,"local_store_transactions_per_request","Local Memory Store Transactions Per Request",0.000000,0.000000,0.000000
"Tesla P100-SXM2-16GB (0)","fill_kernel(int, float, float*, int)",6,"gld_transactions_per_request","Global Load Transactions Per Request",0.000000,0.000000,0.000000
"Tesla P100-SXM2-16GB (0)","fill_kernel(int, float, float*, int)",6,"gst_transactions_per_request","Global Store Transactions Per Request",4.000000,4.000000,4.000000
"Tesla P100-SXM2-16GB (0)","fill_kernel(int, float, float*, int)",6,"shared_store_transactions","Shared Store Transactions",0,0,0
"Tesla P100-SXM2-16GB (0)","fill_kernel(int, float, float*, int)",6,"shared_load_transactions","Shared Load Transactions",0,0,0
"Tesla P100-SXM2-16GB (0)","fill_kernel(int, float, float*, int)",6,"local_load_transactions","Local Load Transactions",0,0,0
"Tesla P100-SXM2-16GB (0)","fill_kernel(int, float, float*, int)",6,"local_store_transactions","Local Store Transactions",0,0,0
"Tesla P100-SXM2-16GB (0)","fill_kernel(int, float, float*, int)",6,"gld_transactions","Global Load Transactions",2,2,2
"Tesla P100-SXM2-16GB (0)","fill_kernel(int, float, float*, int)",6,"gst_transactions","Global Store Transactions",37632,37632,37632
"Tesla P100-SXM2-16GB (0)","fill_kernel(int, float, float*, int)",6,"sysmem_read_transactions","System Memory Read Transactions",0,0,0
"Tesla P100-SXM2-16GB (0)","fill_kernel(int, float, float*, int)",6,"sysmem_write_transactions","System Memory Write Transactions",5,5,5
"Tesla P100-SXM2-16GB (0)","fill_kernel(int, float, float*, int)",6,"l2_read_transactions","L2 Read Transactions",96,288,160
"Tesla P100-SXM2-16GB (0)","fill_kernel(int, float, float*, int)",6,"l2_write_transactions","L2 Write Transactions",37645,37648,37646
"Tesla P100-SXM2-16GB (0)","fill_kernel(int, float, float*, int)",6,"dram_read_transactions","Device Memory Read Transactions",18,43,37
"Tesla P100-SXM2-16GB (0)","fill_kernel(int, float, float*, int)",6,"dram_write_transactions","Device Memory Write Transactions",3321,35201,26852
"Tesla P100-SXM2-16GB (0)","fill_kernel(int, float, float*, int)",6,"global_hit_rate","Global Hit Rate in unified l1/tex",0.000000%,0.000000%,0.000000%
"Tesla P100-SXM2-16GB (0)","fill_kernel(int, float, float*, int)",6,"local_hit_rate","Local Hit Rate",0.000000%,0.000000%,0.000000%
"Tesla P100-SXM2-16GB (0)","fill_kernel(int, float, float*, int)",6,"gld_requested_throughput","Requested Global Load Throughput",0.000000B/s,0.000000B/s,0.000000B/s
"Tesla P100-SXM2-16GB (0)","fill_kernel(int, float, float*, int)",6,"gst_requested_throughput","Requested Global Store Throughput",249.781959GB/s,261.670788GB/s,252.046070GB/s
"Tesla P100-SXM2-16GB (0)","fill_kernel(int, float, float*, int)",6,"gld_throughput","Global Load Throughput",0.000000B/s,0.000000B/s,0.000000B/s
"Tesla P100-SXM2-16GB (0)","fill_kernel(int, float, float*, int)",6,"gst_throughput","Global Store Throughput",249.781959GB/s,261.670788GB/s,252.046070GB/s
"Tesla P100-SXM2-16GB (0)","fill_kernel(int, float, float*, int)",6,"local_memory_overhead","Local Memory Overhead",0.000000%,0.000000%,0.000000%
"Tesla P100-SXM2-16GB (0)","fill_kernel(int, float, float*, int)",6,"tex_cache_hit_rate","Unified Cache Hit Rate",50.000000%,50.000000%,50.000000%
"Tesla P100-SXM2-16GB (0)","fill_kernel(int, float, float*, int)",6,"l2_tex_read_hit_rate","L2 Hit Rate (Texture Reads)",0.000000%,0.000000%,0.000000%
"Tesla P100-SXM2-16GB (0)","fill_kernel(int, float, float*, int)",6,"l2_tex_write_hit_rate","L2 Hit Rate (Texture Writes)",0.000000%,100.000000%,26.041667%
"Tesla P100-SXM2-16GB (0)","fill_kernel(int, float, float*, int)",6,"dram_read_throughput","Device Memory Read Throughput",128.165283MB/s,292.457290MB/s,254.903521MB/s
"Tesla P100-SXM2-16GB (0)","fill_kernel(int, float, float*, int)",6,"dram_write_throughput","Device Memory Write Throughput",23.092280GB/s,234.324671GB/s,179.847605GB/s
"Tesla P100-SXM2-16GB (0)","fill_kernel(int, float, float*, int)",6,"tex_cache_throughput","Unified Cache Throughput",0.000000B/s,0.000000B/s,0.000000B/s
"Tesla P100-SXM2-16GB (0)","fill_kernel(int, float, float*, int)",6,"l2_tex_read_throughput","L2 Throughput (Texture Reads)",0.000000B/s,0.000000B/s,0.000000B/s
"Tesla P100-SXM2-16GB (0)","fill_kernel(int, float, float*, int)",6,"l2_tex_write_throughput","L2 Throughput (Texture Writes)",249.781959GB/s,261.670788GB/s,252.046070GB/s
"Tesla P100-SXM2-16GB (0)","fill_kernel(int, float, float*, int)",6,"l2_read_throughput","L2 Throughput (Reads)",652.491648MB/s,1.916719GB/s,1.071624GB/s
"Tesla P100-SXM2-16GB (0)","fill_kernel(int, float, float*, int)",6,"l2_write_throughput","L2 Throughput (Writes)",249.868246GB/s,261.761182GB/s,252.144302GB/s
"Tesla P100-SXM2-16GB (0)","fill_kernel(int, float, float*, int)",6,"sysmem_read_throughput","System Memory Read Throughput",0.000000B/s,0.000000B/s,0.000000B/s
"Tesla P100-SXM2-16GB (0)","fill_kernel(int, float, float*, int)",6,"sysmem_write_throughput","System Memory Write Throughput",33.983939MB/s,35.601467MB/s,34.291767MB/s
"Tesla P100-SXM2-16GB (0)","fill_kernel(int, float, float*, int)",6,"local_load_throughput","Local Memory Load Throughput",0.000000B/s,0.000000B/s,0.000000B/s
"Tesla P100-SXM2-16GB (0)","fill_kernel(int, float, float*, int)",6,"local_store_throughput","Local Memory Store Throughput",0.000000B/s,0.000000B/s,0.000000B/s
"Tesla P100-SXM2-16GB (0)","fill_kernel(int, float, float*, int)",6,"shared_load_throughput","Shared Memory Load Throughput",0.000000B/s,0.000000B/s,0.000000B/s
"Tesla P100-SXM2-16GB (0)","fill_kernel(int, float, float*, int)",6,"shared_store_throughput","Shared Memory Store Throughput",0.000000B/s,0.000000B/s,0.000000B/s
"Tesla P100-SXM2-16GB (0)","fill_kernel(int, float, float*, int)",6,"gld_efficiency","Global Memory Load Efficiency",0.000000%,0.000000%,0.000000%
"Tesla P100-SXM2-16GB (0)","fill_kernel(int, float, float*, int)",6,"gst_efficiency","Global Memory Store Efficiency",100.000000%,100.000000%,100.000000%
"Tesla P100-SXM2-16GB (0)","fill_kernel(int, float, float*, int)",6,"tex_cache_transactions","Unified Cache Transactions",0,0,0
"Tesla P100-SXM2-16GB (0)","fill_kernel(int, float, float*, int)",6,"flop_count_dp","Floating Point Operations(Double Precision)",0,0,0
"Tesla P100-SXM2-16GB (0)","fill_kernel(int, float, float*, int)",6,"flop_count_dp_add","Floating Point Operations(Double Precision Add)",0,0,0
"Tesla P100-SXM2-16GB (0)","fill_kernel(int, float, float*, int)",6,"flop_count_dp_fma","Floating Point Operations(Double Precision FMA)",0,0,0
"Tesla P100-SXM2-16GB (0)","fill_kernel(int, float, float*, int)",6,"flop_count_dp_mul","Floating Point Operations(Double Precision Mul)",0,0,0
"Tesla P100-SXM2-16GB (0)","fill_kernel(int, float, float*, int)",6,"flop_count_sp","Floating Point Operations(Single Precision)",0,0,0
"Tesla P100-SXM2-16GB (0)","fill_kernel(int, float, float*, int)",6,"flop_count_sp_add","Floating Point Operations(Single Precision Add)",0,0,0
"Tesla P100-SXM2-16GB (0)","fill_kernel(int, float, float*, int)",6,"flop_count_sp_fma","Floating Point Operations(Single Precision FMA)",0,0,0
"Tesla P100-SXM2-16GB (0)","fill_kernel(int, float, float*, int)",6,"flop_count_sp_mul","Floating Point Operation(Single Precision Mul)",0,0,0
"Tesla P100-SXM2-16GB (0)","fill_kernel(int, float, float*, int)",6,"flop_count_sp_special","Floating Point Operations(Single Precision Special)",0,0,0
"Tesla P100-SXM2-16GB (0)","fill_kernel(int, float, float*, int)",6,"inst_executed","Instructions Executed",216384,216384,216384
"Tesla P100-SXM2-16GB (0)","fill_kernel(int, float, float*, int)",6,"inst_issued","Instructions Issued",221565,223552,222315
"Tesla P100-SXM2-16GB (0)","fill_kernel(int, float, float*, int)",6,"dram_utilization","Device Memory Utilization","Low (1)","Mid (4)","Low (3)"
"Tesla P100-SXM2-16GB (0)","fill_kernel(int, float, float*, int)",6,"sysmem_utilization","System Memory Utilization","Low (1)","Low (1)","Low (1)"
"Tesla P100-SXM2-16GB (0)","fill_kernel(int, float, float*, int)",6,"stall_inst_fetch","Issue Stall Reasons (Instructions Fetch)",4.904831%,17.011482%,7.156795%
"Tesla P100-SXM2-16GB (0)","fill_kernel(int, float, float*, int)",6,"stall_exec_dependency","Issue Stall Reasons (Execution Dependency)",15.157335%,16.791277%,16.166549%
"Tesla P100-SXM2-16GB (0)","fill_kernel(int, float, float*, int)",6,"stall_memory_dependency","Issue Stall Reasons (Data Request)",0.000000%,0.000000%,0.000000%
"Tesla P100-SXM2-16GB (0)","fill_kernel(int, float, float*, int)",6,"stall_texture","Issue Stall Reasons (Texture)",0.000000%,0.000000%,0.000000%
"Tesla P100-SXM2-16GB (0)","fill_kernel(int, float, float*, int)",6,"stall_sync","Issue Stall Reasons (Synchronization)",0.000000%,0.000000%,0.000000%
"Tesla P100-SXM2-16GB (0)","fill_kernel(int, float, float*, int)",6,"stall_other","Issue Stall Reasons (Other)",47.403504%,53.114885%,49.831526%
"Tesla P100-SXM2-16GB (0)","fill_kernel(int, float, float*, int)",6,"stall_constant_memory_dependency","Issue Stall Reasons (Immediate constant)",11.254252%,27.677923%,22.776847%
"Tesla P100-SXM2-16GB (0)","fill_kernel(int, float, float*, int)",6,"stall_pipe_busy","Issue Stall Reasons (Pipe Busy)",0.469964%,0.529537%,0.499848%
"Tesla P100-SXM2-16GB (0)","fill_kernel(int, float, float*, int)",6,"shared_efficiency","Shared Memory Efficiency",0.000000%,0.000000%,0.000000%
"Tesla P100-SXM2-16GB (0)","fill_kernel(int, float, float*, int)",6,"inst_fp_32","FP Instructions(Single)",0,0,0
"Tesla P100-SXM2-16GB (0)","fill_kernel(int, float, float*, int)",6,"inst_fp_64","FP Instructions(Double)",0,0,0
"Tesla P100-SXM2-16GB (0)","fill_kernel(int, float, float*, int)",6,"inst_integer","Integer Instructions",3913728,3913728,3913728
"Tesla P100-SXM2-16GB (0)","fill_kernel(int, float, float*, int)",6,"inst_bit_convert","Bit-Convert Instructions",0,0,0
"Tesla P100-SXM2-16GB (0)","fill_kernel(int, float, float*, int)",6,"inst_control","Control-Flow Instructions",301056,301056,301056
"Tesla P100-SXM2-16GB (0)","fill_kernel(int, float, float*, int)",6,"inst_compute_ld_st","Load/Store Instructions",301056,301056,301056
"Tesla P100-SXM2-16GB (0)","fill_kernel(int, float, float*, int)",6,"inst_misc","Misc Instructions",2107392,2107392,2107392
"Tesla P100-SXM2-16GB (0)","fill_kernel(int, float, float*, int)",6,"inst_inter_thread_communication","Inter-Thread Instructions",0,0,0
"Tesla P100-SXM2-16GB (0)","fill_kernel(int, float, float*, int)",6,"issue_slots","Issue Slots",221565,223552,222315
"Tesla P100-SXM2-16GB (0)","fill_kernel(int, float, float*, int)",6,"cf_issued","Issued Control-Flow Instructions",18816,18816,18816
"Tesla P100-SXM2-16GB (0)","fill_kernel(int, float, float*, int)",6,"cf_executed","Executed Control-Flow Instructions",18816,18816,18816
"Tesla P100-SXM2-16GB (0)","fill_kernel(int, float, float*, int)",6,"ldst_issued","Issued Load/Store Instructions",65856,65856,65856
"Tesla P100-SXM2-16GB (0)","fill_kernel(int, float, float*, int)",6,"ldst_executed","Executed Load/Store Instructions",37632,37632,37632
"Tesla P100-SXM2-16GB (0)","fill_kernel(int, float, float*, int)",6,"atomic_transactions","Atomic Transactions",0,0,0
"Tesla P100-SXM2-16GB (0)","fill_kernel(int, float, float*, int)",6,"atomic_transactions_per_request","Atomic Transactions Per Request",0.000000,0.000000,0.000000
"Tesla P100-SXM2-16GB (0)","fill_kernel(int, float, float*, int)",6,"l2_atomic_throughput","L2 Throughput (Atomic requests)",0.000000B/s,0.000000B/s,0.000000B/s
"Tesla P100-SXM2-16GB (0)","fill_kernel(int, float, float*, int)",6,"l2_atomic_transactions","L2 Transactions (Atomic requests)",0,0,0
"Tesla P100-SXM2-16GB (0)","fill_kernel(int, float, float*, int)",6,"l2_tex_read_transactions","L2 Transactions (Texture Reads)",0,0,0
"Tesla P100-SXM2-16GB (0)","fill_kernel(int, float, float*, int)",6,"stall_memory_throttle","Issue Stall Reasons (Memory Throttle)",0.221239%,0.555062%,0.475486%
"Tesla P100-SXM2-16GB (0)","fill_kernel(int, float, float*, int)",6,"stall_not_selected","Issue Stall Reasons (Not Selected)",2.863728%,3.398705%,3.092948%
"Tesla P100-SXM2-16GB (0)","fill_kernel(int, float, float*, int)",6,"l2_tex_write_transactions","L2 Transactions (Texture Writes)",37632,37632,37632
"Tesla P100-SXM2-16GB (0)","fill_kernel(int, float, float*, int)",6,"nvlink_total_data_transmitted","NVLink Total Data Transmitted",576,576,576
"Tesla P100-SXM2-16GB (0)","fill_kernel(int, float, float*, int)",6,"nvlink_total_data_received","NVLink Total Data Received",384,384,384
"Tesla P100-SXM2-16GB (0)","fill_kernel(int, float, float*, int)",6,"nvlink_user_data_transmitted","NVLink User Data Transmitted",0,0,0
"Tesla P100-SXM2-16GB (0)","fill_kernel(int, float, float*, int)",6,"nvlink_user_data_received","NVLink User Data Received",0,0,0
"Tesla P100-SXM2-16GB (0)","fill_kernel(int, float, float*, int)",6,"nvlink_overhead_data_transmitted","NVLink Overhead Data Transmitted",100.000000%,100.000000%,100.000000%
"Tesla P100-SXM2-16GB (0)","fill_kernel(int, float, float*, int)",6,"nvlink_overhead_data_received","NVLink Overhead Data Received",100.000000%,100.000000%,100.000000%
"Tesla P100-SXM2-16GB (0)","fill_kernel(int, float, float*, int)",6,"nvlink_total_nratom_data_transmitted","NVLink Total Nratom Data Transmitted",0,0,0
"Tesla P100-SXM2-16GB (0)","fill_kernel(int, float, float*, int)",6,"nvlink_user_nratom_data_transmitted","NVLink User Nratom Data Transmitted",0,0,0
"Tesla P100-SXM2-16GB (0)","fill_kernel(int, float, float*, int)",6,"nvlink_total_ratom_data_transmitted","NVLink Total Ratom Data Transmitted",0,0,0
"Tesla P100-SXM2-16GB (0)","fill_kernel(int, float, float*, int)",6,"nvlink_user_ratom_data_transmitted","NVLink User Ratom Data Transmitted",0,0,0
"Tesla P100-SXM2-16GB (0)","fill_kernel(int, float, float*, int)",6,"nvlink_total_write_data_transmitted","NVLink Total Write Data Transmitted",0,0,0
"Tesla P100-SXM2-16GB (0)","fill_kernel(int, float, float*, int)",6,"nvlink_user_write_data_transmitted","NVLink User Write Data Transmitted",0,0,0
"Tesla P100-SXM2-16GB (0)","fill_kernel(int, float, float*, int)",6,"nvlink_transmit_throughput","NVLink Transmit Throughput",122.342183MB/s,128.165283MB/s,123.450921MB/s
"Tesla P100-SXM2-16GB (0)","fill_kernel(int, float, float*, int)",6,"nvlink_receive_throughput","NVLink Receive Throughput",81.561456MB/s,85.443522MB/s,82.300543MB/s
"Tesla P100-SXM2-16GB (0)","fill_kernel(int, float, float*, int)",6,"nvlink_total_response_data_received","NVLink Total Response Data Received",0,0,0
"Tesla P100-SXM2-16GB (0)","fill_kernel(int, float, float*, int)",6,"nvlink_user_response_data_received","NVLink User Response Data Received",0,0,0
"Tesla P100-SXM2-16GB (0)","fill_kernel(int, float, float*, int)",6,"flop_count_hp","Floating Point Operations(Half Precision)",0,0,0
"Tesla P100-SXM2-16GB (0)","fill_kernel(int, float, float*, int)",6,"flop_count_hp_add","Floating Point Operations(Half Precision Add)",0,0,0
"Tesla P100-SXM2-16GB (0)","fill_kernel(int, float, float*, int)",6,"flop_count_hp_mul","Floating Point Operation(Half Precision Mul)",0,0,0
"Tesla P100-SXM2-16GB (0)","fill_kernel(int, float, float*, int)",6,"flop_count_hp_fma","Floating Point Operations(Half Precision FMA)",0,0,0
"Tesla P100-SXM2-16GB (0)","fill_kernel(int, float, float*, int)",6,"inst_fp_16","HP Instructions(Half)",0,0,0
"Tesla P100-SXM2-16GB (0)","fill_kernel(int, float, float*, int)",6,"ipc","Executed IPC",1.389179,1.398878,1.392981
"Tesla P100-SXM2-16GB (0)","fill_kernel(int, float, float*, int)",6,"issued_ipc","Issued IPC",1.289926,1.439195,1.404348
"Tesla P100-SXM2-16GB (0)","fill_kernel(int, float, float*, int)",6,"issue_slot_utilization","Issue Slot Utilization",64.496280%,71.959760%,70.217409%
"Tesla P100-SXM2-16GB (0)","fill_kernel(int, float, float*, int)",6,"sm_efficiency","Multiprocessor Activity",33.369397%,34.262951%,33.998996%
"Tesla P100-SXM2-16GB (0)","fill_kernel(int, float, float*, int)",6,"achieved_occupancy","Achieved Occupancy",0.600171,0.607241,0.604295
"Tesla P100-SXM2-16GB (0)","fill_kernel(int, float, float*, int)",6,"eligible_warps_per_cycle","Eligible Warps Per Active Cycle",2.422978,3.000920,2.689998
"Tesla P100-SXM2-16GB (0)","fill_kernel(int, float, float*, int)",6,"shared_utilization","Shared Memory Utilization","Idle (0)","Idle (0)","Idle (0)"
"Tesla P100-SXM2-16GB (0)","fill_kernel(int, float, float*, int)",6,"l2_utilization","L2 Cache Utilization","Low (1)","Low (1)","Low (1)"
"Tesla P100-SXM2-16GB (0)","fill_kernel(int, float, float*, int)",6,"tex_utilization","Unified Cache Utilization","Idle (0)","Idle (0)","Idle (0)"
"Tesla P100-SXM2-16GB (0)","fill_kernel(int, float, float*, int)",6,"ldst_fu_utilization","Load/Store Function Unit Utilization","Low (2)","Low (2)","Low (2)"
"Tesla P100-SXM2-16GB (0)","fill_kernel(int, float, float*, int)",6,"cf_fu_utilization","Control-Flow Function Unit Utilization","Low (1)","Low (1)","Low (1)"
"Tesla P100-SXM2-16GB (0)","fill_kernel(int, float, float*, int)",6,"tex_fu_utilization","Texture Function Unit Utilization","Low (3)","Low (3)","Low (3)"
"Tesla P100-SXM2-16GB (0)","fill_kernel(int, float, float*, int)",6,"special_fu_utilization","Special Function Unit Utilization","Idle (0)","Idle (0)","Idle (0)"
"Tesla P100-SXM2-16GB (0)","fill_kernel(int, float, float*, int)",6,"half_precision_fu_utilization","Half-Precision Function Unit Utilization","Idle (0)","Idle (0)","Idle (0)"
"Tesla P100-SXM2-16GB (0)","fill_kernel(int, float, float*, int)",6,"single_precision_fu_utilization","Single-Precision Function Unit Utilization","Mid (4)","Mid (5)","Mid (4)"
"Tesla P100-SXM2-16GB (0)","fill_kernel(int, float, float*, int)",6,"double_precision_fu_utilization","Double-Precision Function Unit Utilization","Idle (0)","Idle (0)","Idle (0)"
"Tesla P100-SXM2-16GB (0)","fill_kernel(int, float, float*, int)",6,"flop_hp_efficiency","FLOP Efficiency(Peak Half)",0.000000%,0.000000%,0.000000%
"Tesla P100-SXM2-16GB (0)","fill_kernel(int, float, float*, int)",6,"flop_sp_efficiency","FLOP Efficiency(Peak Single)",0.000000%,0.000000%,0.000000%
"Tesla P100-SXM2-16GB (0)","fill_kernel(int, float, float*, int)",6,"flop_dp_efficiency","FLOP Efficiency(Peak Double)",0.000000%,0.000000%,0.000000%
"Tesla P100-SXM2-16GB (0)","fill_kernel(int, float, float*, int)",6,"sysmem_read_utilization","System Memory Read Utilization","Idle (0)","Idle (0)","Idle (0)"
"Tesla P100-SXM2-16GB (0)","fill_kernel(int, float, float*, int)",6,"sysmem_write_utilization","System Memory Write Utilization","Low (1)","Low (1)","Low (1)"
"Tesla P100-SXM2-16GB (0)","fill_kernel(int, float, float*, int)",6,"pcie_total_data_transmitted","PCIe Total Data Transmitted",0,512,85
"Tesla P100-SXM2-16GB (0)","fill_kernel(int, float, float*, int)",6,"pcie_total_data_received","PCIe Total Data Received",0,512,85
"Tesla P100-SXM2-16GB (0)","fill_kernel(int, float, float*, int)",6,"inst_executed_global_loads","Warp level instructions for global loads",0,0,0
"Tesla P100-SXM2-16GB (0)","fill_kernel(int, float, float*, int)",6,"inst_executed_local_loads","Warp level instructions for local loads",0,0,0
"Tesla P100-SXM2-16GB (0)","fill_kernel(int, float, float*, int)",6,"inst_executed_shared_loads","Warp level instructions for shared loads",0,0,0
"Tesla P100-SXM2-16GB (0)","fill_kernel(int, float, float*, int)",6,"inst_executed_surface_loads","Warp level instructions for surface loads",0,0,0
"Tesla P100-SXM2-16GB (0)","fill_kernel(int, float, float*, int)",6,"inst_executed_global_stores","Warp level instructions for global stores",9408,9408,9408
"Tesla P100-SXM2-16GB (0)","fill_kernel(int, float, float*, int)",6,"inst_executed_local_stores","Warp level instructions for local stores",0,0,0
"Tesla P100-SXM2-16GB (0)","fill_kernel(int, float, float*, int)",6,"inst_executed_shared_stores","Warp level instructions for shared stores",0,0,0
"Tesla P100-SXM2-16GB (0)","fill_kernel(int, float, float*, int)",6,"inst_executed_surface_stores","Warp level instructions for surface stores",0,0,0
"Tesla P100-SXM2-16GB (0)","fill_kernel(int, float, float*, int)",6,"inst_executed_global_atomics","Warp level instructions for global atom and atom cas",0,0,0
"Tesla P100-SXM2-16GB (0)","fill_kernel(int, float, float*, int)",6,"inst_executed_global_reductions","Warp level instructions for global reductions",0,0,0
"Tesla P100-SXM2-16GB (0)","fill_kernel(int, float, float*, int)",6,"inst_executed_surface_atomics","Warp level instructions for surface atom and atom cas",0,0,0
"Tesla P100-SXM2-16GB (0)","fill_kernel(int, float, float*, int)",6,"inst_executed_surface_reductions","Warp level instructions for surface reductions",0,0,0
"Tesla P100-SXM2-16GB (0)","fill_kernel(int, float, float*, int)",6,"inst_executed_shared_atomics","Warp level shared instructions for atom and atom CAS",0,0,0
"Tesla P100-SXM2-16GB (0)","fill_kernel(int, float, float*, int)",6,"inst_executed_tex_ops","Warp level instructions for texture",0,0,0
"Tesla P100-SXM2-16GB (0)","fill_kernel(int, float, float*, int)",6,"l2_global_load_bytes","Bytes read from L2 for misses in Unified Cache for global loads",0,0,0
"Tesla P100-SXM2-16GB (0)","fill_kernel(int, float, float*, int)",6,"l2_local_load_bytes","Bytes read from L2 for misses in Unified Cache for local loads",0,0,0
"Tesla P100-SXM2-16GB (0)","fill_kernel(int, float, float*, int)",6,"l2_surface_load_bytes","Bytes read from L2 for misses in Unified Cache for surface loads",0,0,0
"Tesla P100-SXM2-16GB (0)","fill_kernel(int, float, float*, int)",6,"dram_read_bytes","Total bytes read from DRAM to L2 cache",576,1376,1189
"Tesla P100-SXM2-16GB (0)","fill_kernel(int, float, float*, int)",6,"dram_write_bytes","Total bytes written from L2 cache to DRAM",106272,1126432,859274
"Tesla P100-SXM2-16GB (0)","fill_kernel(int, float, float*, int)",6,"l2_local_global_store_bytes","Bytes written to L2 from Unified Cache for local and global stores.",1204224,1204224,1204224
"Tesla P100-SXM2-16GB (0)","fill_kernel(int, float, float*, int)",6,"l2_global_reduction_bytes","Bytes written to L2 from Unified cache for global reductions",0,0,0
"Tesla P100-SXM2-16GB (0)","fill_kernel(int, float, float*, int)",6,"l2_global_atomic_store_bytes","Bytes written to L2 from Unified cache for global atomics",0,0,0
"Tesla P100-SXM2-16GB (0)","fill_kernel(int, float, float*, int)",6,"l2_surface_store_bytes","Bytes written to L2 from Unified Cache for surface stores.",0,0,0
"Tesla P100-SXM2-16GB (0)","fill_kernel(int, float, float*, int)",6,"l2_surface_reduction_bytes","Bytes written to L2 from Unified Cache for surface reductions",0,0,0
"Tesla P100-SXM2-16GB (0)","fill_kernel(int, float, float*, int)",6,"l2_surface_atomic_store_bytes","Bytes transferred between Unified Cache and L2 for surface atomics",0,0,0
"Tesla P100-SXM2-16GB (0)","fill_kernel(int, float, float*, int)",6,"global_load_requests","Total number of global load requests from Multiprocessor",0,0,0
"Tesla P100-SXM2-16GB (0)","fill_kernel(int, float, float*, int)",6,"local_load_requests","Total number of local load requests from Multiprocessor",0,0,0
"Tesla P100-SXM2-16GB (0)","fill_kernel(int, float, float*, int)",6,"surface_load_requests","Total number of surface load requests from Multiprocessor",0,0,0
"Tesla P100-SXM2-16GB (0)","fill_kernel(int, float, float*, int)",6,"global_store_requests","Total number of global store requests from Multiprocessor",37632,37632,37632
"Tesla P100-SXM2-16GB (0)","fill_kernel(int, float, float*, int)",6,"local_store_requests","Total number of local store requests from Multiprocessor",0,0,0
"Tesla P100-SXM2-16GB (0)","fill_kernel(int, float, float*, int)",6,"surface_store_requests","Total number of surface store requests from Multiprocessor",0,0,0
"Tesla P100-SXM2-16GB (0)","fill_kernel(int, float, float*, int)",6,"global_atomic_requests","Total number of global atomic requests from Multiprocessor",0,0,0
"Tesla P100-SXM2-16GB (0)","fill_kernel(int, float, float*, int)",6,"global_reduction_requests","Total number of global reduction requests from Multiprocessor",0,0,0
"Tesla P100-SXM2-16GB (0)","fill_kernel(int, float, float*, int)",6,"surface_atomic_requests","Total number of surface atomic requests from Multiprocessor",0,0,0
"Tesla P100-SXM2-16GB (0)","fill_kernel(int, float, float*, int)",6,"surface_reduction_requests","Total number of surface reduction requests from Multiprocessor",0,0,0
"Tesla P100-SXM2-16GB (0)","fill_kernel(int, float, float*, int)",6,"sysmem_read_bytes","System Memory Read Bytes",0,0,0
"Tesla P100-SXM2-16GB (0)","fill_kernel(int, float, float*, int)",6,"sysmem_write_bytes","System Memory Write Bytes",160,160,160
"Tesla P100-SXM2-16GB (0)","fill_kernel(int, float, float*, int)",6,"l2_tex_hit_rate","L2 Cache Hit Rate",0.000000%,100.000000%,26.041667%
"Tesla P100-SXM2-16GB (0)","fill_kernel(int, float, float*, int)",6,"texture_load_requests","Total number of texture Load requests from Multiprocessor",0,0,0
"Tesla P100-SXM2-16GB (0)","fill_kernel(int, float, float*, int)",6,"unique_warps_launched","Number of warps launched",9408,9408,9408
