==5466== NVPROF is profiling process 5466, command: ./kmeans -s 4 -n 1
==5466== Some kernel(s) will be replayed on device 0 in order to collect all events/metrics.
==5466== Profiling application: ./kmeans -s 4 -n 1
==5466== Profiling result:
==5466== Metric result:
"Device","Kernel","Invocations","Metric Name","Metric Description","Min","Max","Avg"
"Tesla P100-SXM2-16GB (0)","invert_mapping(float*, float*, int, int)",1,"inst_per_warp","Instructions per warp",368.055107,368.055107,368.055107
"Tesla P100-SXM2-16GB (0)","invert_mapping(float*, float*, int, int)",1,"branch_efficiency","Branch Efficiency",100.000000%,100.000000%,100.000000%
"Tesla P100-SXM2-16GB (0)","invert_mapping(float*, float*, int, int)",1,"warp_execution_efficiency","Warp Execution Efficiency",100.000000%,100.000000%,100.000000%
"Tesla P100-SXM2-16GB (0)","invert_mapping(float*, float*, int, int)",1,"warp_nonpred_execution_efficiency","Warp Non-Predicated Execution Efficiency",96.248325%,96.248325%,96.248325%
"Tesla P100-SXM2-16GB (0)","invert_mapping(float*, float*, int, int)",1,"inst_replay_overhead","Instruction Replay Overhead",0.000984,0.000984,0.000984
"Tesla P100-SXM2-16GB (0)","invert_mapping(float*, float*, int, int)",1,"shared_load_transactions_per_request","Shared Memory Load Transactions Per Request",0.000000,0.000000,0.000000
"Tesla P100-SXM2-16GB (0)","invert_mapping(float*, float*, int, int)",1,"shared_store_transactions_per_request","Shared Memory Store Transactions Per Request",0.000000,0.000000,0.000000
"Tesla P100-SXM2-16GB (0)","invert_mapping(float*, float*, int, int)",1,"local_load_transactions_per_request","Local Memory Load Transactions Per Request",0.000000,0.000000,0.000000
"Tesla P100-SXM2-16GB (0)","invert_mapping(float*, float*, int, int)",1,"local_store_transactions_per_request","Local Memory Store Transactions Per Request",0.000000,0.000000,0.000000
"Tesla P100-SXM2-16GB (0)","invert_mapping(float*, float*, int, int)",1,"gld_transactions_per_request","Global Load Transactions Per Request",15.686275,15.686275,15.686275
"Tesla P100-SXM2-16GB (0)","invert_mapping(float*, float*, int, int)",1,"gst_transactions_per_request","Global Store Transactions Per Request",3.921569,3.921569,3.921569
"Tesla P100-SXM2-16GB (0)","invert_mapping(float*, float*, int, int)",1,"shared_store_transactions","Shared Store Transactions",0,0,0
"Tesla P100-SXM2-16GB (0)","invert_mapping(float*, float*, int, int)",1,"shared_load_transactions","Shared Load Transactions",0,0,0
"Tesla P100-SXM2-16GB (0)","invert_mapping(float*, float*, int, int)",1,"local_load_transactions","Local Load Transactions",0,0,0
"Tesla P100-SXM2-16GB (0)","invert_mapping(float*, float*, int, int)",1,"local_store_transactions","Local Store Transactions",0,0,0
"Tesla P100-SXM2-16GB (0)","invert_mapping(float*, float*, int, int)",1,"gld_transactions","Global Load Transactions",50000002,50000002,50000002
"Tesla P100-SXM2-16GB (0)","invert_mapping(float*, float*, int, int)",1,"gst_transactions","Global Store Transactions",12500000,12500000,12500000
"Tesla P100-SXM2-16GB (0)","invert_mapping(float*, float*, int, int)",1,"sysmem_read_transactions","System Memory Read Transactions",0,0,0
"Tesla P100-SXM2-16GB (0)","invert_mapping(float*, float*, int, int)",1,"sysmem_write_transactions","System Memory Write Transactions",5,5,5
"Tesla P100-SXM2-16GB (0)","invert_mapping(float*, float*, int, int)",1,"l2_read_transactions","L2 Read Transactions",99983352,99983352,99983352
"Tesla P100-SXM2-16GB (0)","invert_mapping(float*, float*, int, int)",1,"l2_write_transactions","L2 Write Transactions",12500019,12500019,12500019
"Tesla P100-SXM2-16GB (0)","invert_mapping(float*, float*, int, int)",1,"dram_read_transactions","Device Memory Read Transactions",99243365,99243365,99243365
"Tesla P100-SXM2-16GB (0)","invert_mapping(float*, float*, int, int)",1,"dram_write_transactions","Device Memory Write Transactions",12540654,12540654,12540654
"Tesla P100-SXM2-16GB (0)","invert_mapping(float*, float*, int, int)",1,"global_hit_rate","Global Hit Rate in unified l1/tex",0.013653%,0.013653%,0.013653%
"Tesla P100-SXM2-16GB (0)","invert_mapping(float*, float*, int, int)",1,"local_hit_rate","Local Hit Rate",0.000000%,0.000000%,0.000000%
"Tesla P100-SXM2-16GB (0)","invert_mapping(float*, float*, int, int)",1,"gld_requested_throughput","Requested Global Load Throughput",33.921370GB/s,33.921370GB/s,33.921370GB/s
"Tesla P100-SXM2-16GB (0)","invert_mapping(float*, float*, int, int)",1,"gst_requested_throughput","Requested Global Store Throughput",33.921370GB/s,33.921370GB/s,33.921370GB/s
"Tesla P100-SXM2-16GB (0)","invert_mapping(float*, float*, int, int)",1,"gld_throughput","Global Load Throughput",271.370959GB/s,271.370959GB/s,271.370959GB/s
"Tesla P100-SXM2-16GB (0)","invert_mapping(float*, float*, int, int)",1,"gst_throughput","Global Store Throughput",33.921370GB/s,33.921370GB/s,33.921370GB/s
"Tesla P100-SXM2-16GB (0)","invert_mapping(float*, float*, int, int)",1,"local_memory_overhead","Local Memory Overhead",0.000000%,0.000000%,0.000000%
"Tesla P100-SXM2-16GB (0)","invert_mapping(float*, float*, int, int)",1,"tex_cache_hit_rate","Unified Cache Hit Rate",10.011370%,10.011370%,10.011370%
"Tesla P100-SXM2-16GB (0)","invert_mapping(float*, float*, int, int)",1,"l2_tex_read_hit_rate","L2 Hit Rate (Texture Reads)",0.687800%,0.687800%,0.687800%
"Tesla P100-SXM2-16GB (0)","invert_mapping(float*, float*, int, int)",1,"l2_tex_write_hit_rate","L2 Hit Rate (Texture Writes)",0.000000%,0.000000%,0.000000%
"Tesla P100-SXM2-16GB (0)","invert_mapping(float*, float*, int, int)",1,"dram_read_throughput","Device Memory Read Throughput",269.317672GB/s,269.317672GB/s,269.317672GB/s
"Tesla P100-SXM2-16GB (0)","invert_mapping(float*, float*, int, int)",1,"dram_write_throughput","Device Memory Write Throughput",34.031693GB/s,34.031693GB/s,34.031693GB/s
"Tesla P100-SXM2-16GB (0)","invert_mapping(float*, float*, int, int)",1,"tex_cache_throughput","Unified Cache Throughput",33.921370GB/s,33.921370GB/s,33.921370GB/s
"Tesla P100-SXM2-16GB (0)","invert_mapping(float*, float*, int, int)",1,"l2_tex_read_throughput","L2 Throughput (Texture Reads)",271.332213GB/s,271.332213GB/s,271.332213GB/s
"Tesla P100-SXM2-16GB (0)","invert_mapping(float*, float*, int, int)",1,"l2_tex_write_throughput","L2 Throughput (Texture Writes)",33.921370GB/s,33.921370GB/s,33.921370GB/s
"Tesla P100-SXM2-16GB (0)","invert_mapping(float*, float*, int, int)",1,"l2_read_throughput","L2 Throughput (Reads)",271.325781GB/s,271.325781GB/s,271.325781GB/s
"Tesla P100-SXM2-16GB (0)","invert_mapping(float*, float*, int, int)",1,"l2_write_throughput","L2 Throughput (Writes)",33.921421GB/s,33.921421GB/s,33.921421GB/s
"Tesla P100-SXM2-16GB (0)","invert_mapping(float*, float*, int, int)",1,"sysmem_read_throughput","System Memory Read Throughput",0.000000B/s,0.000000B/s,0.000000B/s
"Tesla P100-SXM2-16GB (0)","invert_mapping(float*, float*, int, int)",1,"sysmem_write_throughput","System Memory Write Throughput",14.227539KB/s,14.227539KB/s,14.226562KB/s
"Tesla P100-SXM2-16GB (0)","invert_mapping(float*, float*, int, int)",1,"local_load_throughput","Local Memory Load Throughput",0.000000B/s,0.000000B/s,0.000000B/s
"Tesla P100-SXM2-16GB (0)","invert_mapping(float*, float*, int, int)",1,"local_store_throughput","Local Memory Store Throughput",0.000000B/s,0.000000B/s,0.000000B/s
"Tesla P100-SXM2-16GB (0)","invert_mapping(float*, float*, int, int)",1,"shared_load_throughput","Shared Memory Load Throughput",0.000000B/s,0.000000B/s,0.000000B/s
"Tesla P100-SXM2-16GB (0)","invert_mapping(float*, float*, int, int)",1,"shared_store_throughput","Shared Memory Store Throughput",0.000000B/s,0.000000B/s,0.000000B/s
"Tesla P100-SXM2-16GB (0)","invert_mapping(float*, float*, int, int)",1,"gld_efficiency","Global Memory Load Efficiency",12.500000%,12.500000%,12.500000%
"Tesla P100-SXM2-16GB (0)","invert_mapping(float*, float*, int, int)",1,"gst_efficiency","Global Memory Store Efficiency",100.000000%,100.000000%,100.000000%
"Tesla P100-SXM2-16GB (0)","invert_mapping(float*, float*, int, int)",1,"tex_cache_transactions","Unified Cache Transactions",12500000,12500000,12500000
"Tesla P100-SXM2-16GB (0)","invert_mapping(float*, float*, int, int)",1,"flop_count_dp","Floating Point Operations(Double Precision)",0,0,0
"Tesla P100-SXM2-16GB (0)","invert_mapping(float*, float*, int, int)",1,"flop_count_dp_add","Floating Point Operations(Double Precision Add)",0,0,0
"Tesla P100-SXM2-16GB (0)","invert_mapping(float*, float*, int, int)",1,"flop_count_dp_fma","Floating Point Operations(Double Precision FMA)",0,0,0
"Tesla P100-SXM2-16GB (0)","invert_mapping(float*, float*, int, int)",1,"flop_count_dp_mul","Floating Point Operations(Double Precision Mul)",0,0,0
"Tesla P100-SXM2-16GB (0)","invert_mapping(float*, float*, int, int)",1,"flop_count_sp","Floating Point Operations(Single Precision)",0,0,0
"Tesla P100-SXM2-16GB (0)","invert_mapping(float*, float*, int, int)",1,"flop_count_sp_add","Floating Point Operations(Single Precision Add)",0,0,0
"Tesla P100-SXM2-16GB (0)","invert_mapping(float*, float*, int, int)",1,"flop_count_sp_fma","Floating Point Operations(Single Precision FMA)",0,0,0
"Tesla P100-SXM2-16GB (0)","invert_mapping(float*, float*, int, int)",1,"flop_count_sp_mul","Floating Point Operation(Single Precision Mul)",0,0,0
"Tesla P100-SXM2-16GB (0)","invert_mapping(float*, float*, int, int)",1,"flop_count_sp_special","Floating Point Operations(Single Precision Special)",0,0,0
"Tesla P100-SXM2-16GB (0)","invert_mapping(float*, float*, int, int)",1,"inst_executed","Instructions Executed",23322916,23322916,23322916
"Tesla P100-SXM2-16GB (0)","invert_mapping(float*, float*, int, int)",1,"inst_issued","Instructions Issued",23345872,23345872,23345872
"Tesla P100-SXM2-16GB (0)","invert_mapping(float*, float*, int, int)",1,"dram_utilization","Device Memory Utilization","Mid (5)","Mid (5)","Mid (5)"
"Tesla P100-SXM2-16GB (0)","invert_mapping(float*, float*, int, int)",1,"sysmem_utilization","System Memory Utilization","Low (1)","Low (1)","Low (1)"
"Tesla P100-SXM2-16GB (0)","invert_mapping(float*, float*, int, int)",1,"stall_inst_fetch","Issue Stall Reasons (Instructions Fetch)",0.091936%,0.091936%,0.091936%
"Tesla P100-SXM2-16GB (0)","invert_mapping(float*, float*, int, int)",1,"stall_exec_dependency","Issue Stall Reasons (Execution Dependency)",10.386928%,10.386928%,10.386928%
"Tesla P100-SXM2-16GB (0)","invert_mapping(float*, float*, int, int)",1,"stall_memory_dependency","Issue Stall Reasons (Data Request)",78.174514%,78.174514%,78.174514%
"Tesla P100-SXM2-16GB (0)","invert_mapping(float*, float*, int, int)",1,"stall_texture","Issue Stall Reasons (Texture)",2.949549%,2.949549%,2.949549%
"Tesla P100-SXM2-16GB (0)","invert_mapping(float*, float*, int, int)",1,"stall_sync","Issue Stall Reasons (Synchronization)",0.000000%,0.000000%,0.000000%
"Tesla P100-SXM2-16GB (0)","invert_mapping(float*, float*, int, int)",1,"stall_other","Issue Stall Reasons (Other)",7.511651%,7.511651%,7.511651%
"Tesla P100-SXM2-16GB (0)","invert_mapping(float*, float*, int, int)",1,"stall_constant_memory_dependency","Issue Stall Reasons (Immediate constant)",0.002090%,0.002090%,0.002090%
"Tesla P100-SXM2-16GB (0)","invert_mapping(float*, float*, int, int)",1,"stall_pipe_busy","Issue Stall Reasons (Pipe Busy)",0.002757%,0.002757%,0.002757%
"Tesla P100-SXM2-16GB (0)","invert_mapping(float*, float*, int, int)",1,"shared_efficiency","Shared Memory Efficiency",0.000000%,0.000000%,0.000000%
"Tesla P100-SXM2-16GB (0)","invert_mapping(float*, float*, int, int)",1,"inst_fp_32","FP Instructions(Single)",0,0,0
"Tesla P100-SXM2-16GB (0)","invert_mapping(float*, float*, int, int)",1,"inst_fp_64","FP Instructions(Double)",0,0,0
"Tesla P100-SXM2-16GB (0)","invert_mapping(float*, float*, int, int)",1,"inst_integer","Integer Instructions",426138880,426138880,426138880
"Tesla P100-SXM2-16GB (0)","invert_mapping(float*, float*, int, int)",1,"inst_bit_convert","Bit-Convert Instructions",0,0,0
"Tesla P100-SXM2-16GB (0)","invert_mapping(float*, float*, int, int)",1,"inst_control","Control-Flow Instructions",24027776,24027776,24027776
"Tesla P100-SXM2-16GB (0)","invert_mapping(float*, float*, int, int)",1,"inst_compute_ld_st","Load/Store Instructions",200000000,200000000,200000000
"Tesla P100-SXM2-16GB (0)","invert_mapping(float*, float*, int, int)",1,"inst_misc","Misc Instructions",68166656,68166656,68166656
"Tesla P100-SXM2-16GB (0)","invert_mapping(float*, float*, int, int)",1,"inst_inter_thread_communication","Inter-Thread Instructions",0,0,0
"Tesla P100-SXM2-16GB (0)","invert_mapping(float*, float*, int, int)",1,"issue_slots","Issue Slots",23153025,23153025,23153025
"Tesla P100-SXM2-16GB (0)","invert_mapping(float*, float*, int, int)",1,"cf_issued","Issued Control-Flow Instructions",1063368,1063368,1063368
"Tesla P100-SXM2-16GB (0)","invert_mapping(float*, float*, int, int)",1,"cf_executed","Executed Control-Flow Instructions",1063368,1063368,1063368
"Tesla P100-SXM2-16GB (0)","invert_mapping(float*, float*, int, int)",1,"ldst_issued","Issued Load/Store Instructions",25126736,25126736,25126736
"Tesla P100-SXM2-16GB (0)","invert_mapping(float*, float*, int, int)",1,"ldst_executed","Executed Load/Store Instructions",6501736,6501736,6501736
"Tesla P100-SXM2-16GB (0)","invert_mapping(float*, float*, int, int)",1,"atomic_transactions","Atomic Transactions",0,0,0
"Tesla P100-SXM2-16GB (0)","invert_mapping(float*, float*, int, int)",1,"atomic_transactions_per_request","Atomic Transactions Per Request",0.000000,0.000000,0.000000
"Tesla P100-SXM2-16GB (0)","invert_mapping(float*, float*, int, int)",1,"l2_atomic_throughput","L2 Throughput (Atomic requests)",0.000000B/s,0.000000B/s,0.000000B/s
"Tesla P100-SXM2-16GB (0)","invert_mapping(float*, float*, int, int)",1,"l2_atomic_transactions","L2 Transactions (Atomic requests)",0,0,0
"Tesla P100-SXM2-16GB (0)","invert_mapping(float*, float*, int, int)",1,"l2_tex_read_transactions","L2 Transactions (Texture Reads)",99985722,99985722,99985722
"Tesla P100-SXM2-16GB (0)","invert_mapping(float*, float*, int, int)",1,"stall_memory_throttle","Issue Stall Reasons (Memory Throttle)",0.878149%,0.878149%,0.878149%
"Tesla P100-SXM2-16GB (0)","invert_mapping(float*, float*, int, int)",1,"stall_not_selected","Issue Stall Reasons (Not Selected)",0.002425%,0.002425%,0.002425%
"Tesla P100-SXM2-16GB (0)","invert_mapping(float*, float*, int, int)",1,"l2_tex_write_transactions","L2 Transactions (Texture Writes)",12500000,12500000,12500000
"Tesla P100-SXM2-16GB (0)","invert_mapping(float*, float*, int, int)",1,"nvlink_total_data_transmitted","NVLink Total Data Transmitted",576,576,576
"Tesla P100-SXM2-16GB (0)","invert_mapping(float*, float*, int, int)",1,"nvlink_total_data_received","NVLink Total Data Received",384,384,384
"Tesla P100-SXM2-16GB (0)","invert_mapping(float*, float*, int, int)",1,"nvlink_user_data_transmitted","NVLink User Data Transmitted",0,0,0
"Tesla P100-SXM2-16GB (0)","invert_mapping(float*, float*, int, int)",1,"nvlink_user_data_received","NVLink User Data Received",0,0,0
"Tesla P100-SXM2-16GB (0)","invert_mapping(float*, float*, int, int)",1,"nvlink_overhead_data_transmitted","NVLink Overhead Data Transmitted",100.000000%,100.000000%,100.000000%
"Tesla P100-SXM2-16GB (0)","invert_mapping(float*, float*, int, int)",1,"nvlink_overhead_data_received","NVLink Overhead Data Received",100.000000%,100.000000%,100.000000%
"Tesla P100-SXM2-16GB (0)","invert_mapping(float*, float*, int, int)",1,"nvlink_total_nratom_data_transmitted","NVLink Total Nratom Data Transmitted",0,0,0
"Tesla P100-SXM2-16GB (0)","invert_mapping(float*, float*, int, int)",1,"nvlink_user_nratom_data_transmitted","NVLink User Nratom Data Transmitted",0,0,0
"Tesla P100-SXM2-16GB (0)","invert_mapping(float*, float*, int, int)",1,"nvlink_total_ratom_data_transmitted","NVLink Total Ratom Data Transmitted",0,0,0
"Tesla P100-SXM2-16GB (0)","invert_mapping(float*, float*, int, int)",1,"nvlink_user_ratom_data_transmitted","NVLink User Ratom Data Transmitted",0,0,0
"Tesla P100-SXM2-16GB (0)","invert_mapping(float*, float*, int, int)",1,"nvlink_total_write_data_transmitted","NVLink Total Write Data Transmitted",0,0,0
"Tesla P100-SXM2-16GB (0)","invert_mapping(float*, float*, int, int)",1,"nvlink_user_write_data_transmitted","NVLink User Write Data Transmitted",0,0,0
"Tesla P100-SXM2-16GB (0)","invert_mapping(float*, float*, int, int)",1,"nvlink_transmit_throughput","NVLink Transmit Throughput",51.218750KB/s,51.218750KB/s,51.217773KB/s
"Tesla P100-SXM2-16GB (0)","invert_mapping(float*, float*, int, int)",1,"nvlink_receive_throughput","NVLink Receive Throughput",34.145508KB/s,34.145508KB/s,34.144531KB/s
"Tesla P100-SXM2-16GB (0)","invert_mapping(float*, float*, int, int)",1,"nvlink_total_response_data_received","NVLink Total Response Data Received",0,0,0
"Tesla P100-SXM2-16GB (0)","invert_mapping(float*, float*, int, int)",1,"nvlink_user_response_data_received","NVLink User Response Data Received",0,0,0
"Tesla P100-SXM2-16GB (0)","invert_mapping(float*, float*, int, int)",1,"flop_count_hp","Floating Point Operations(Half Precision)",0,0,0
"Tesla P100-SXM2-16GB (0)","invert_mapping(float*, float*, int, int)",1,"flop_count_hp_add","Floating Point Operations(Half Precision Add)",0,0,0
"Tesla P100-SXM2-16GB (0)","invert_mapping(float*, float*, int, int)",1,"flop_count_hp_mul","Floating Point Operation(Half Precision Mul)",0,0,0
"Tesla P100-SXM2-16GB (0)","invert_mapping(float*, float*, int, int)",1,"flop_count_hp_fma","Floating Point Operations(Half Precision FMA)",0,0,0
"Tesla P100-SXM2-16GB (0)","invert_mapping(float*, float*, int, int)",1,"inst_fp_16","HP Instructions(Half)",0,0,0
"Tesla P100-SXM2-16GB (0)","invert_mapping(float*, float*, int, int)",1,"ipc","Executed IPC",0.025849,0.025849,0.025849
"Tesla P100-SXM2-16GB (0)","invert_mapping(float*, float*, int, int)",1,"issued_ipc","Issued IPC",0.025875,0.025875,0.025875
"Tesla P100-SXM2-16GB (0)","invert_mapping(float*, float*, int, int)",1,"issue_slot_utilization","Issue Slot Utilization",1.283060%,1.283060%,1.283060%
"Tesla P100-SXM2-16GB (0)","invert_mapping(float*, float*, int, int)",1,"sm_efficiency","Multiprocessor Activity",99.271178%,99.271178%,99.271178%
"Tesla P100-SXM2-16GB (0)","invert_mapping(float*, float*, int, int)",1,"achieved_occupancy","Achieved Occupancy",0.961553,0.961553,0.961553
"Tesla P100-SXM2-16GB (0)","invert_mapping(float*, float*, int, int)",1,"eligible_warps_per_cycle","Eligible Warps Per Active Cycle",0.027104,0.027104,0.027104
"Tesla P100-SXM2-16GB (0)","invert_mapping(float*, float*, int, int)",1,"shared_utilization","Shared Memory Utilization","Idle (0)","Idle (0)","Idle (0)"
"Tesla P100-SXM2-16GB (0)","invert_mapping(float*, float*, int, int)",1,"l2_utilization","L2 Cache Utilization","Low (2)","Low (2)","Low (2)"
"Tesla P100-SXM2-16GB (0)","invert_mapping(float*, float*, int, int)",1,"tex_utilization","Unified Cache Utilization","Low (1)","Low (1)","Low (1)"
"Tesla P100-SXM2-16GB (0)","invert_mapping(float*, float*, int, int)",1,"ldst_fu_utilization","Load/Store Function Unit Utilization","Low (1)","Low (1)","Low (1)"
"Tesla P100-SXM2-16GB (0)","invert_mapping(float*, float*, int, int)",1,"cf_fu_utilization","Control-Flow Function Unit Utilization","Low (1)","Low (1)","Low (1)"
"Tesla P100-SXM2-16GB (0)","invert_mapping(float*, float*, int, int)",1,"tex_fu_utilization","Texture Function Unit Utilization","Low (1)","Low (1)","Low (1)"
"Tesla P100-SXM2-16GB (0)","invert_mapping(float*, float*, int, int)",1,"special_fu_utilization","Special Function Unit Utilization","Idle (0)","Idle (0)","Idle (0)"
"Tesla P100-SXM2-16GB (0)","invert_mapping(float*, float*, int, int)",1,"half_precision_fu_utilization","Half-Precision Function Unit Utilization","Idle (0)","Idle (0)","Idle (0)"
"Tesla P100-SXM2-16GB (0)","invert_mapping(float*, float*, int, int)",1,"single_precision_fu_utilization","Single-Precision Function Unit Utilization","Low (1)","Low (1)","Low (1)"
"Tesla P100-SXM2-16GB (0)","invert_mapping(float*, float*, int, int)",1,"double_precision_fu_utilization","Double-Precision Function Unit Utilization","Idle (0)","Idle (0)","Idle (0)"
"Tesla P100-SXM2-16GB (0)","invert_mapping(float*, float*, int, int)",1,"flop_hp_efficiency","FLOP Efficiency(Peak Half)",0.000000%,0.000000%,0.000000%
"Tesla P100-SXM2-16GB (0)","invert_mapping(float*, float*, int, int)",1,"flop_sp_efficiency","FLOP Efficiency(Peak Single)",0.000000%,0.000000%,0.000000%
"Tesla P100-SXM2-16GB (0)","invert_mapping(float*, float*, int, int)",1,"flop_dp_efficiency","FLOP Efficiency(Peak Double)",0.000000%,0.000000%,0.000000%
"Tesla P100-SXM2-16GB (0)","invert_mapping(float*, float*, int, int)",1,"sysmem_read_utilization","System Memory Read Utilization","Idle (0)","Idle (0)","Idle (0)"
"Tesla P100-SXM2-16GB (0)","invert_mapping(float*, float*, int, int)",1,"sysmem_write_utilization","System Memory Write Utilization","Low (1)","Low (1)","Low (1)"
"Tesla P100-SXM2-16GB (0)","invert_mapping(float*, float*, int, int)",1,"pcie_total_data_transmitted","PCIe Total Data Transmitted",0,0,0
"Tesla P100-SXM2-16GB (0)","invert_mapping(float*, float*, int, int)",1,"pcie_total_data_received","PCIe Total Data Received",0,0,0
"Tesla P100-SXM2-16GB (0)","invert_mapping(float*, float*, int, int)",1,"inst_executed_global_loads","Warp level instructions for global loads",3187500,3187500,3187500
"Tesla P100-SXM2-16GB (0)","invert_mapping(float*, float*, int, int)",1,"inst_executed_local_loads","Warp level instructions for local loads",0,0,0
"Tesla P100-SXM2-16GB (0)","invert_mapping(float*, float*, int, int)",1,"inst_executed_shared_loads","Warp level instructions for shared loads",0,0,0
"Tesla P100-SXM2-16GB (0)","invert_mapping(float*, float*, int, int)",1,"inst_executed_surface_loads","Warp level instructions for surface loads",0,0,0
"Tesla P100-SXM2-16GB (0)","invert_mapping(float*, float*, int, int)",1,"inst_executed_global_stores","Warp level instructions for global stores",3187500,3187500,3187500
"Tesla P100-SXM2-16GB (0)","invert_mapping(float*, float*, int, int)",1,"inst_executed_local_stores","Warp level instructions for local stores",0,0,0
"Tesla P100-SXM2-16GB (0)","invert_mapping(float*, float*, int, int)",1,"inst_executed_shared_stores","Warp level instructions for shared stores",0,0,0
"Tesla P100-SXM2-16GB (0)","invert_mapping(float*, float*, int, int)",1,"inst_executed_surface_stores","Warp level instructions for surface stores",0,0,0
"Tesla P100-SXM2-16GB (0)","invert_mapping(float*, float*, int, int)",1,"inst_executed_global_atomics","Warp level instructions for global atom and atom cas",0,0,0
"Tesla P100-SXM2-16GB (0)","invert_mapping(float*, float*, int, int)",1,"inst_executed_global_reductions","Warp level instructions for global reductions",0,0,0
"Tesla P100-SXM2-16GB (0)","invert_mapping(float*, float*, int, int)",1,"inst_executed_surface_atomics","Warp level instructions for surface atom and atom cas",0,0,0
"Tesla P100-SXM2-16GB (0)","invert_mapping(float*, float*, int, int)",1,"inst_executed_surface_reductions","Warp level instructions for surface reductions",0,0,0
"Tesla P100-SXM2-16GB (0)","invert_mapping(float*, float*, int, int)",1,"inst_executed_shared_atomics","Warp level shared instructions for atom and atom CAS",0,0,0
"Tesla P100-SXM2-16GB (0)","invert_mapping(float*, float*, int, int)",1,"inst_executed_tex_ops","Warp level instructions for texture",0,0,0
"Tesla P100-SXM2-16GB (0)","invert_mapping(float*, float*, int, int)",1,"l2_global_load_bytes","Bytes read from L2 for misses in Unified Cache for global loads",3199499776,3199499776,3199499776
"Tesla P100-SXM2-16GB (0)","invert_mapping(float*, float*, int, int)",1,"l2_local_load_bytes","Bytes read from L2 for misses in Unified Cache for local loads",0,0,0
"Tesla P100-SXM2-16GB (0)","invert_mapping(float*, float*, int, int)",1,"l2_surface_load_bytes","Bytes read from L2 for misses in Unified Cache for surface loads",0,0,0
"Tesla P100-SXM2-16GB (0)","invert_mapping(float*, float*, int, int)",1,"dram_read_bytes","Total bytes read from DRAM to L2 cache",3175787680,3175787680,3175787680
"Tesla P100-SXM2-16GB (0)","invert_mapping(float*, float*, int, int)",1,"dram_write_bytes","Total bytes written from L2 cache to DRAM",401300928,401300928,401300928
"Tesla P100-SXM2-16GB (0)","invert_mapping(float*, float*, int, int)",1,"l2_local_global_store_bytes","Bytes written to L2 from Unified Cache for local and global stores.",400000000,400000000,400000000
"Tesla P100-SXM2-16GB (0)","invert_mapping(float*, float*, int, int)",1,"l2_global_reduction_bytes","Bytes written to L2 from Unified cache for global reductions",0,0,0
"Tesla P100-SXM2-16GB (0)","invert_mapping(float*, float*, int, int)",1,"l2_global_atomic_store_bytes","Bytes written to L2 from Unified cache for global atomics",0,0,0
"Tesla P100-SXM2-16GB (0)","invert_mapping(float*, float*, int, int)",1,"l2_surface_store_bytes","Bytes written to L2 from Unified Cache for surface stores.",0,0,0
"Tesla P100-SXM2-16GB (0)","invert_mapping(float*, float*, int, int)",1,"l2_surface_reduction_bytes","Bytes written to L2 from Unified Cache for surface reductions",0,0,0
"Tesla P100-SXM2-16GB (0)","invert_mapping(float*, float*, int, int)",1,"l2_surface_atomic_store_bytes","Bytes transferred between Unified Cache and L2 for surface atomics",0,0,0
"Tesla P100-SXM2-16GB (0)","invert_mapping(float*, float*, int, int)",1,"global_load_requests","Total number of global load requests from Multiprocessor",12500000,12500000,12500000
"Tesla P100-SXM2-16GB (0)","invert_mapping(float*, float*, int, int)",1,"local_load_requests","Total number of local load requests from Multiprocessor",0,0,0
"Tesla P100-SXM2-16GB (0)","invert_mapping(float*, float*, int, int)",1,"surface_load_requests","Total number of surface load requests from Multiprocessor",0,0,0
"Tesla P100-SXM2-16GB (0)","invert_mapping(float*, float*, int, int)",1,"global_store_requests","Total number of global store requests from Multiprocessor",12500000,12500000,12500000
"Tesla P100-SXM2-16GB (0)","invert_mapping(float*, float*, int, int)",1,"local_store_requests","Total number of local store requests from Multiprocessor",0,0,0
"Tesla P100-SXM2-16GB (0)","invert_mapping(float*, float*, int, int)",1,"surface_store_requests","Total number of surface store requests from Multiprocessor",0,0,0
"Tesla P100-SXM2-16GB (0)","invert_mapping(float*, float*, int, int)",1,"global_atomic_requests","Total number of global atomic requests from Multiprocessor",0,0,0
"Tesla P100-SXM2-16GB (0)","invert_mapping(float*, float*, int, int)",1,"global_reduction_requests","Total number of global reduction requests from Multiprocessor",0,0,0
"Tesla P100-SXM2-16GB (0)","invert_mapping(float*, float*, int, int)",1,"surface_atomic_requests","Total number of surface atomic requests from Multiprocessor",0,0,0
"Tesla P100-SXM2-16GB (0)","invert_mapping(float*, float*, int, int)",1,"surface_reduction_requests","Total number of surface reduction requests from Multiprocessor",0,0,0
"Tesla P100-SXM2-16GB (0)","invert_mapping(float*, float*, int, int)",1,"sysmem_read_bytes","System Memory Read Bytes",0,0,0
"Tesla P100-SXM2-16GB (0)","invert_mapping(float*, float*, int, int)",1,"sysmem_write_bytes","System Memory Write Bytes",160,160,160
"Tesla P100-SXM2-16GB (0)","invert_mapping(float*, float*, int, int)",1,"l2_tex_hit_rate","L2 Cache Hit Rate",0.611369%,0.611369%,0.611369%
"Tesla P100-SXM2-16GB (0)","invert_mapping(float*, float*, int, int)",1,"texture_load_requests","Total number of texture Load requests from Multiprocessor",0,0,0
"Tesla P100-SXM2-16GB (0)","invert_mapping(float*, float*, int, int)",1,"unique_warps_launched","Number of warps launched",63368,63368,63368
"Tesla P100-SXM2-16GB (0)","kmeansPoint(float*, int, int, int, int*, float*, float*, int*)",2,"inst_per_warp","Instructions per warp",1784.508395,1784.508395,1784.508395
"Tesla P100-SXM2-16GB (0)","kmeansPoint(float*, int, int, int, int*, float*, float*, int*)",2,"branch_efficiency","Branch Efficiency",100.000000%,100.000000%,100.000000%
"Tesla P100-SXM2-16GB (0)","kmeansPoint(float*, int, int, int, int*, float*, float*, int*)",2,"warp_execution_efficiency","Warp Execution Efficiency",100.000000%,100.000000%,100.000000%
"Tesla P100-SXM2-16GB (0)","kmeansPoint(float*, int, int, int, int*, float*, float*, int*)",2,"warp_nonpred_execution_efficiency","Warp Non-Predicated Execution Efficiency",97.070677%,97.070677%,97.070677%
"Tesla P100-SXM2-16GB (0)","kmeansPoint(float*, int, int, int, int*, float*, float*, int*)",2,"inst_replay_overhead","Instruction Replay Overhead",0.000117,0.000146,0.000132
"Tesla P100-SXM2-16GB (0)","kmeansPoint(float*, int, int, int, int*, float*, float*, int*)",2,"shared_load_transactions_per_request","Shared Memory Load Transactions Per Request",0.000000,0.000000,0.000000
"Tesla P100-SXM2-16GB (0)","kmeansPoint(float*, int, int, int, int*, float*, float*, int*)",2,"shared_store_transactions_per_request","Shared Memory Store Transactions Per Request",0.000000,0.000000,0.000000
"Tesla P100-SXM2-16GB (0)","kmeansPoint(float*, int, int, int, int*, float*, float*, int*)",2,"local_load_transactions_per_request","Local Memory Load Transactions Per Request",0.000000,0.000000,0.000000
"Tesla P100-SXM2-16GB (0)","kmeansPoint(float*, int, int, int, int*, float*, float*, int*)",2,"local_store_transactions_per_request","Local Memory Store Transactions Per Request",0.000000,0.000000,0.000000
"Tesla P100-SXM2-16GB (0)","kmeansPoint(float*, int, int, int, int*, float*, float*, int*)",2,"gld_transactions_per_request","Global Load Transactions Per Request",0.000000,0.000000,0.000000
"Tesla P100-SXM2-16GB (0)","kmeansPoint(float*, int, int, int, int*, float*, float*, int*)",2,"gst_transactions_per_request","Global Store Transactions Per Request",4.000000,4.000000,4.000000
"Tesla P100-SXM2-16GB (0)","kmeansPoint(float*, int, int, int, int*, float*, float*, int*)",2,"shared_store_transactions","Shared Store Transactions",0,0,0
"Tesla P100-SXM2-16GB (0)","kmeansPoint(float*, int, int, int, int*, float*, float*, int*)",2,"shared_load_transactions","Shared Load Transactions",0,0,0
"Tesla P100-SXM2-16GB (0)","kmeansPoint(float*, int, int, int, int*, float*, float*, int*)",2,"local_load_transactions","Local Load Transactions",0,0,0
"Tesla P100-SXM2-16GB (0)","kmeansPoint(float*, int, int, int, int*, float*, float*, int*)",2,"local_store_transactions","Local Store Transactions",0,0,0
"Tesla P100-SXM2-16GB (0)","kmeansPoint(float*, int, int, int, int*, float*, float*, int*)",2,"gld_transactions","Global Load Transactions",2,2,2
"Tesla P100-SXM2-16GB (0)","kmeansPoint(float*, int, int, int, int*, float*, float*, int*)",2,"gst_transactions","Global Store Transactions",250000,250000,250000
"Tesla P100-SXM2-16GB (0)","kmeansPoint(float*, int, int, int, int*, float*, float*, int*)",2,"sysmem_read_transactions","System Memory Read Transactions",0,0,0
"Tesla P100-SXM2-16GB (0)","kmeansPoint(float*, int, int, int, int*, float*, float*, int*)",2,"sysmem_write_transactions","System Memory Write Transactions",5,5,5
"Tesla P100-SXM2-16GB (0)","kmeansPoint(float*, int, int, int, int*, float*, float*, int*)",2,"l2_read_transactions","L2 Read Transactions",62566618,62570394,62568506
"Tesla P100-SXM2-16GB (0)","kmeansPoint(float*, int, int, int, int*, float*, float*, int*)",2,"l2_write_transactions","L2 Write Transactions",250020,250020,250020
"Tesla P100-SXM2-16GB (0)","kmeansPoint(float*, int, int, int, int*, float*, float*, int*)",2,"dram_read_transactions","Device Memory Read Transactions",62465864,62467820,62466842
"Tesla P100-SXM2-16GB (0)","kmeansPoint(float*, int, int, int, int*, float*, float*, int*)",2,"dram_write_transactions","Device Memory Write Transactions",309932,309988,309960
"Tesla P100-SXM2-16GB (0)","kmeansPoint(float*, int, int, int, int*, float*, float*, int*)",2,"global_hit_rate","Global Hit Rate in unified l1/tex",0.000000%,0.000000%,0.000000%
"Tesla P100-SXM2-16GB (0)","kmeansPoint(float*, int, int, int, int*, float*, float*, int*)",2,"local_hit_rate","Local Hit Rate",0.000000%,0.000000%,0.000000%
"Tesla P100-SXM2-16GB (0)","kmeansPoint(float*, int, int, int, int*, float*, float*, int*)",2,"gld_requested_throughput","Requested Global Load Throughput",0.000000B/s,0.000000B/s,0.000000B/s
"Tesla P100-SXM2-16GB (0)","kmeansPoint(float*, int, int, int, int*, float*, float*, int*)",2,"gst_requested_throughput","Requested Global Store Throughput",1.989978GB/s,1.990217GB/s,1.990098GB/s
"Tesla P100-SXM2-16GB (0)","kmeansPoint(float*, int, int, int, int*, float*, float*, int*)",2,"gld_throughput","Global Load Throughput",0.000000B/s,0.000000B/s,0.000000B/s
"Tesla P100-SXM2-16GB (0)","kmeansPoint(float*, int, int, int, int*, float*, float*, int*)",2,"gst_throughput","Global Store Throughput",1.989978GB/s,1.990217GB/s,1.990098GB/s
"Tesla P100-SXM2-16GB (0)","kmeansPoint(float*, int, int, int, int*, float*, float*, int*)",2,"local_memory_overhead","Local Memory Overhead",0.000000%,0.000000%,0.000000%
"Tesla P100-SXM2-16GB (0)","kmeansPoint(float*, int, int, int, int*, float*, float*, int*)",2,"tex_cache_hit_rate","Unified Cache Hit Rate",50.143384%,50.144683%,50.144033%
"Tesla P100-SXM2-16GB (0)","kmeansPoint(float*, int, int, int, int*, float*, float*, int*)",2,"l2_tex_read_hit_rate","L2 Hit Rate (Texture Reads)",0.155527%,0.157521%,0.156524%
"Tesla P100-SXM2-16GB (0)","kmeansPoint(float*, int, int, int, int*, float*, float*, int*)",2,"l2_tex_write_hit_rate","L2 Hit Rate (Texture Writes)",0.000000%,0.000000%,0.000000%
"Tesla P100-SXM2-16GB (0)","kmeansPoint(float*, int, int, int, int*, float*, float*, int*)",2,"dram_read_throughput","Device Memory Read Throughput",497.238449GB/s,497.282515GB/s,497.260480GB/s
"Tesla P100-SXM2-16GB (0)","kmeansPoint(float*, int, int, int, int*, float*, float*, int*)",2,"dram_write_throughput","Device Memory Write Throughput",2.467328GB/s,2.467478GB/s,2.467403GB/s
"Tesla P100-SXM2-16GB (0)","kmeansPoint(float*, int, int, int, int*, float*, float*, int*)",2,"tex_cache_throughput","Unified Cache Throughput",998.969154GB/s,999.088968GB/s,999.029057GB/s
"Tesla P100-SXM2-16GB (0)","kmeansPoint(float*, int, int, int, int*, float*, float*, int*)",2,"l2_tex_read_throughput","L2 Throughput (Texture Reads)",498.044660GB/s,498.106242GB/s,498.075449GB/s
"Tesla P100-SXM2-16GB (0)","kmeansPoint(float*, int, int, int, int*, float*, float*, int*)",2,"l2_tex_write_throughput","L2 Throughput (Texture Writes)",1.989978GB/s,1.990217GB/s,1.990098GB/s
"Tesla P100-SXM2-16GB (0)","kmeansPoint(float*, int, int, int, int*, float*, float*, int*)",2,"l2_read_throughput","L2 Throughput (Reads)",498.054929GB/s,498.084604GB/s,498.069766GB/s
"Tesla P100-SXM2-16GB (0)","kmeansPoint(float*, int, int, int, int*, float*, float*, int*)",2,"l2_write_throughput","L2 Throughput (Writes)",1.990138GB/s,1.990376GB/s,1.990257GB/s
"Tesla P100-SXM2-16GB (0)","kmeansPoint(float*, int, int, int, int*, float*, float*, int*)",2,"sysmem_read_throughput","System Memory Read Throughput",0.000000B/s,0.000000B/s,0.000000B/s
"Tesla P100-SXM2-16GB (0)","kmeansPoint(float*, int, int, int, int*, float*, float*, int*)",2,"sysmem_write_throughput","System Memory Write Throughput",41.732422KB/s,41.737305KB/s,41.734375KB/s
"Tesla P100-SXM2-16GB (0)","kmeansPoint(float*, int, int, int, int*, float*, float*, int*)",2,"local_load_throughput","Local Memory Load Throughput",0.000000B/s,0.000000B/s,0.000000B/s
"Tesla P100-SXM2-16GB (0)","kmeansPoint(float*, int, int, int, int*, float*, float*, int*)",2,"local_store_throughput","Local Memory Store Throughput",0.000000B/s,0.000000B/s,0.000000B/s
"Tesla P100-SXM2-16GB (0)","kmeansPoint(float*, int, int, int, int*, float*, float*, int*)",2,"shared_load_throughput","Shared Memory Load Throughput",0.000000B/s,0.000000B/s,0.000000B/s
"Tesla P100-SXM2-16GB (0)","kmeansPoint(float*, int, int, int, int*, float*, float*, int*)",2,"shared_store_throughput","Shared Memory Store Throughput",0.000000B/s,0.000000B/s,0.000000B/s
"Tesla P100-SXM2-16GB (0)","kmeansPoint(float*, int, int, int, int*, float*, float*, int*)",2,"gld_efficiency","Global Memory Load Efficiency",0.000000%,0.000000%,0.000000%
"Tesla P100-SXM2-16GB (0)","kmeansPoint(float*, int, int, int, int*, float*, float*, int*)",2,"gst_efficiency","Global Memory Store Efficiency",100.000000%,100.000000%,100.000000%
"Tesla P100-SXM2-16GB (0)","kmeansPoint(float*, int, int, int, int*, float*, float*, int*)",2,"tex_cache_transactions","Unified Cache Transactions",125500000,125500000,125500000
"Tesla P100-SXM2-16GB (0)","kmeansPoint(float*, int, int, int, int*, float*, float*, int*)",2,"flop_count_dp","Floating Point Operations(Double Precision)",0,0,0
"Tesla P100-SXM2-16GB (0)","kmeansPoint(float*, int, int, int, int*, float*, float*, int*)",2,"flop_count_dp_add","Floating Point Operations(Double Precision Add)",0,0,0
"Tesla P100-SXM2-16GB (0)","kmeansPoint(float*, int, int, int, int*, float*, float*, int*)",2,"flop_count_dp_fma","Floating Point Operations(Double Precision FMA)",0,0,0
"Tesla P100-SXM2-16GB (0)","kmeansPoint(float*, int, int, int, int*, float*, float*, int*)",2,"flop_count_dp_mul","Floating Point Operations(Double Precision Mul)",0,0,0
"Tesla P100-SXM2-16GB (0)","kmeansPoint(float*, int, int, int, int*, float*, float*, int*)",2,"flop_count_sp","Floating Point Operations(Single Precision)",1500000000,1500000000,1500000000
"Tesla P100-SXM2-16GB (0)","kmeansPoint(float*, int, int, int, int*, float*, float*, int*)",2,"flop_count_sp_add","Floating Point Operations(Single Precision Add)",500000000,500000000,500000000
"Tesla P100-SXM2-16GB (0)","kmeansPoint(float*, int, int, int, int*, float*, float*, int*)",2,"flop_count_sp_fma","Floating Point Operations(Single Precision FMA)",500000000,500000000,500000000
"Tesla P100-SXM2-16GB (0)","kmeansPoint(float*, int, int, int, int*, float*, float*, int*)",2,"flop_count_sp_mul","Floating Point Operation(Single Precision Mul)",0,0,0
"Tesla P100-SXM2-16GB (0)","kmeansPoint(float*, int, int, int, int*, float*, float*, int*)",2,"flop_count_sp_special","Floating Point Operations(Single Precision Special)",0,0,0
"Tesla P100-SXM2-16GB (0)","kmeansPoint(float*, int, int, int, int*, float*, float*, int*)",2,"inst_executed","Instructions Executed",113080728,113080728,113080728
"Tesla P100-SXM2-16GB (0)","kmeansPoint(float*, int, int, int, int*, float*, float*, int*)",2,"inst_issued","Instructions Issued",113093784,113097220,113095502
"Tesla P100-SXM2-16GB (0)","kmeansPoint(float*, int, int, int, int*, float*, float*, int*)",2,"dram_utilization","Device Memory Utilization","High (8)","High (8)","High (8)"
"Tesla P100-SXM2-16GB (0)","kmeansPoint(float*, int, int, int, int*, float*, float*, int*)",2,"sysmem_utilization","System Memory Utilization","Low (1)","Low (1)","Low (1)"
"Tesla P100-SXM2-16GB (0)","kmeansPoint(float*, int, int, int, int*, float*, float*, int*)",2,"stall_inst_fetch","Issue Stall Reasons (Instructions Fetch)",0.548056%,0.548382%,0.548219%
"Tesla P100-SXM2-16GB (0)","kmeansPoint(float*, int, int, int, int*, float*, float*, int*)",2,"stall_exec_dependency","Issue Stall Reasons (Execution Dependency)",1.677866%,1.679315%,1.678591%
"Tesla P100-SXM2-16GB (0)","kmeansPoint(float*, int, int, int, int*, float*, float*, int*)",2,"stall_memory_dependency","Issue Stall Reasons (Data Request)",35.949434%,36.002184%,35.975809%
"Tesla P100-SXM2-16GB (0)","kmeansPoint(float*, int, int, int, int*, float*, float*, int*)",2,"stall_texture","Issue Stall Reasons (Texture)",14.732655%,14.745177%,14.738916%
"Tesla P100-SXM2-16GB (0)","kmeansPoint(float*, int, int, int, int*, float*, float*, int*)",2,"stall_sync","Issue Stall Reasons (Synchronization)",0.000000%,0.000000%,0.000000%
"Tesla P100-SXM2-16GB (0)","kmeansPoint(float*, int, int, int, int*, float*, float*, int*)",2,"stall_other","Issue Stall Reasons (Other)",46.402237%,46.466055%,46.434146%
"Tesla P100-SXM2-16GB (0)","kmeansPoint(float*, int, int, int, int*, float*, float*, int*)",2,"stall_constant_memory_dependency","Issue Stall Reasons (Immediate constant)",0.005702%,0.005976%,0.005839%
"Tesla P100-SXM2-16GB (0)","kmeansPoint(float*, int, int, int, int*, float*, float*, int*)",2,"stall_pipe_busy","Issue Stall Reasons (Pipe Busy)",0.005827%,0.005867%,0.005847%
"Tesla P100-SXM2-16GB (0)","kmeansPoint(float*, int, int, int, int*, float*, float*, int*)",2,"shared_efficiency","Shared Memory Efficiency",0.000000%,0.000000%,0.000000%
"Tesla P100-SXM2-16GB (0)","kmeansPoint(float*, int, int, int, int*, float*, float*, int*)",2,"inst_fp_32","FP Instructions(Single)",1010000000,1010000000,1010000000
"Tesla P100-SXM2-16GB (0)","kmeansPoint(float*, int, int, int, int*, float*, float*, int*)",2,"inst_fp_64","FP Instructions(Double)",0,0,0
"Tesla P100-SXM2-16GB (0)","kmeansPoint(float*, int, int, int, int*, float*, float*, int*)",2,"inst_integer","Integer Instructions",1160333312,1160333312,1160333312
"Tesla P100-SXM2-16GB (0)","kmeansPoint(float*, int, int, int, int*, float*, float*, int*)",2,"inst_bit_convert","Bit-Convert Instructions",0,0,0
"Tesla P100-SXM2-16GB (0)","kmeansPoint(float*, int, int, int, int*, float*, float*, int*)",2,"inst_control","Control-Flow Instructions",124083328,124083328,124083328
"Tesla P100-SXM2-16GB (0)","kmeansPoint(float*, int, int, int, int*, float*, float*, int*)",2,"inst_compute_ld_st","Load/Store Instructions",1004000000,1004000000,1004000000
"Tesla P100-SXM2-16GB (0)","kmeansPoint(float*, int, int, int, int*, float*, float*, int*)",2,"inst_misc","Misc Instructions",214166656,214166656,214166656
"Tesla P100-SXM2-16GB (0)","kmeansPoint(float*, int, int, int, int*, float*, float*, int*)",2,"inst_inter_thread_communication","Inter-Thread Instructions",0,0,0
"Tesla P100-SXM2-16GB (0)","kmeansPoint(float*, int, int, int, int*, float*, float*, int*)",2,"issue_slots","Issue Slots",107837865,107840163,107839014
"Tesla P100-SXM2-16GB (0)","kmeansPoint(float*, int, int, int, int*, float*, float*, int*)",2,"cf_issued","Issued Control-Flow Instructions",21565104,21565104,21565104
"Tesla P100-SXM2-16GB (0)","kmeansPoint(float*, int, int, int, int*, float*, float*, int*)",2,"cf_executed","Executed Control-Flow Instructions",21565104,21565104,21565104
"Tesla P100-SXM2-16GB (0)","kmeansPoint(float*, int, int, int, int*, float*, float*, int*)",2,"ldst_issued","Issued Load/Store Instructions",141877604,141877604,141877604
"Tesla P100-SXM2-16GB (0)","kmeansPoint(float*, int, int, int, int*, float*, float*, int*)",2,"ldst_executed","Executed Load/Store Instructions",31877604,31877604,31877604
"Tesla P100-SXM2-16GB (0)","kmeansPoint(float*, int, int, int, int*, float*, float*, int*)",2,"atomic_transactions","Atomic Transactions",0,0,0
"Tesla P100-SXM2-16GB (0)","kmeansPoint(float*, int, int, int, int*, float*, float*, int*)",2,"atomic_transactions_per_request","Atomic Transactions Per Request",0.000000,0.000000,0.000000
"Tesla P100-SXM2-16GB (0)","kmeansPoint(float*, int, int, int, int*, float*, float*, int*)",2,"l2_atomic_throughput","L2 Throughput (Atomic requests)",0.000000B/s,0.000000B/s,0.000000B/s
"Tesla P100-SXM2-16GB (0)","kmeansPoint(float*, int, int, int, int*, float*, float*, int*)",2,"l2_atomic_transactions","L2 Transactions (Atomic requests)",0,0,0
"Tesla P100-SXM2-16GB (0)","kmeansPoint(float*, int, int, int, int*, float*, float*, int*)",2,"l2_tex_read_transactions","L2 Transactions (Texture Reads)",62569104,62569336,62569220
"Tesla P100-SXM2-16GB (0)","kmeansPoint(float*, int, int, int, int*, float*, float*, int*)",2,"stall_memory_throttle","Issue Stall Reasons (Memory Throttle)",0.510273%,0.514169%,0.512221%
"Tesla P100-SXM2-16GB (0)","kmeansPoint(float*, int, int, int, int*, float*, float*, int*)",2,"stall_not_selected","Issue Stall Reasons (Not Selected)",0.100236%,0.100589%,0.100412%
"Tesla P100-SXM2-16GB (0)","kmeansPoint(float*, int, int, int, int*, float*, float*, int*)",2,"l2_tex_write_transactions","L2 Transactions (Texture Writes)",250000,250000,250000
"Tesla P100-SXM2-16GB (0)","kmeansPoint(float*, int, int, int, int*, float*, float*, int*)",2,"nvlink_total_data_transmitted","NVLink Total Data Transmitted",576,576,576
"Tesla P100-SXM2-16GB (0)","kmeansPoint(float*, int, int, int, int*, float*, float*, int*)",2,"nvlink_total_data_received","NVLink Total Data Received",384,384,384
"Tesla P100-SXM2-16GB (0)","kmeansPoint(float*, int, int, int, int*, float*, float*, int*)",2,"nvlink_user_data_transmitted","NVLink User Data Transmitted",0,0,0
"Tesla P100-SXM2-16GB (0)","kmeansPoint(float*, int, int, int, int*, float*, float*, int*)",2,"nvlink_user_data_received","NVLink User Data Received",0,0,0
"Tesla P100-SXM2-16GB (0)","kmeansPoint(float*, int, int, int, int*, float*, float*, int*)",2,"nvlink_overhead_data_transmitted","NVLink Overhead Data Transmitted",100.000000%,100.000000%,100.000000%
"Tesla P100-SXM2-16GB (0)","kmeansPoint(float*, int, int, int, int*, float*, float*, int*)",2,"nvlink_overhead_data_received","NVLink Overhead Data Received",100.000000%,100.000000%,100.000000%
"Tesla P100-SXM2-16GB (0)","kmeansPoint(float*, int, int, int, int*, float*, float*, int*)",2,"nvlink_total_nratom_data_transmitted","NVLink Total Nratom Data Transmitted",0,0,0
"Tesla P100-SXM2-16GB (0)","kmeansPoint(float*, int, int, int, int*, float*, float*, int*)",2,"nvlink_user_nratom_data_transmitted","NVLink User Nratom Data Transmitted",0,0,0
"Tesla P100-SXM2-16GB (0)","kmeansPoint(float*, int, int, int, int*, float*, float*, int*)",2,"nvlink_total_ratom_data_transmitted","NVLink Total Ratom Data Transmitted",0,0,0
"Tesla P100-SXM2-16GB (0)","kmeansPoint(float*, int, int, int, int*, float*, float*, int*)",2,"nvlink_user_ratom_data_transmitted","NVLink User Ratom Data Transmitted",0,0,0
"Tesla P100-SXM2-16GB (0)","kmeansPoint(float*, int, int, int, int*, float*, float*, int*)",2,"nvlink_total_write_data_transmitted","NVLink Total Write Data Transmitted",0,0,0
"Tesla P100-SXM2-16GB (0)","kmeansPoint(float*, int, int, int, int*, float*, float*, int*)",2,"nvlink_user_write_data_transmitted","NVLink User Write Data Transmitted",0,0,0
"Tesla P100-SXM2-16GB (0)","kmeansPoint(float*, int, int, int, int*, float*, float*, int*)",2,"nvlink_transmit_throughput","NVLink Transmit Throughput",150.238281KB/s,150.255859KB/s,150.246094KB/s
"Tesla P100-SXM2-16GB (0)","kmeansPoint(float*, int, int, int, int*, float*, float*, int*)",2,"nvlink_receive_throughput","NVLink Receive Throughput",100.158203KB/s,100.170898KB/s,100.164062KB/s
"Tesla P100-SXM2-16GB (0)","kmeansPoint(float*, int, int, int, int*, float*, float*, int*)",2,"nvlink_total_response_data_received","NVLink Total Response Data Received",0,0,0
"Tesla P100-SXM2-16GB (0)","kmeansPoint(float*, int, int, int, int*, float*, float*, int*)",2,"nvlink_user_response_data_received","NVLink User Response Data Received",0,0,0
"Tesla P100-SXM2-16GB (0)","kmeansPoint(float*, int, int, int, int*, float*, float*, int*)",2,"flop_count_hp","Floating Point Operations(Half Precision)",0,0,0
"Tesla P100-SXM2-16GB (0)","kmeansPoint(float*, int, int, int, int*, float*, float*, int*)",2,"flop_count_hp_add","Floating Point Operations(Half Precision Add)",0,0,0
"Tesla P100-SXM2-16GB (0)","kmeansPoint(float*, int, int, int, int*, float*, float*, int*)",2,"flop_count_hp_mul","Floating Point Operation(Half Precision Mul)",0,0,0
"Tesla P100-SXM2-16GB (0)","kmeansPoint(float*, int, int, int, int*, float*, float*, int*)",2,"flop_count_hp_fma","Floating Point Operations(Half Precision FMA)",0,0,0
"Tesla P100-SXM2-16GB (0)","kmeansPoint(float*, int, int, int, int*, float*, float*, int*)",2,"inst_fp_16","HP Instructions(Half)",0,0,0
"Tesla P100-SXM2-16GB (0)","kmeansPoint(float*, int, int, int, int*, float*, float*, int*)",2,"ipc","Executed IPC",0.364872,0.364989,0.364930
"Tesla P100-SXM2-16GB (0)","kmeansPoint(float*, int, int, int, int*, float*, float*, int*)",2,"issued_ipc","Issued IPC",0.365042,0.365259,0.365151
"Tesla P100-SXM2-16GB (0)","kmeansPoint(float*, int, int, int, int*, float*, float*, int*)",2,"issue_slot_utilization","Issue Slot Utilization",17.403688%,17.414219%,17.408953%
"Tesla P100-SXM2-16GB (0)","kmeansPoint(float*, int, int, int, int*, float*, float*, int*)",2,"sm_efficiency","Multiprocessor Activity",99.189665%,99.383117%,99.286391%
"Tesla P100-SXM2-16GB (0)","kmeansPoint(float*, int, int, int, int*, float*, float*, int*)",2,"achieved_occupancy","Achieved Occupancy",0.971843,0.972173,0.972008
"Tesla P100-SXM2-16GB (0)","kmeansPoint(float*, int, int, int, int*, float*, float*, int*)",2,"eligible_warps_per_cycle","Eligible Warps Per Active Cycle",0.409553,0.410113,0.409833
"Tesla P100-SXM2-16GB (0)","kmeansPoint(float*, int, int, int, int*, float*, float*, int*)",2,"shared_utilization","Shared Memory Utilization","Idle (0)","Idle (0)","Idle (0)"
"Tesla P100-SXM2-16GB (0)","kmeansPoint(float*, int, int, int, int*, float*, float*, int*)",2,"l2_utilization","L2 Cache Utilization","Low (2)","Low (2)","Low (2)"
"Tesla P100-SXM2-16GB (0)","kmeansPoint(float*, int, int, int, int*, float*, float*, int*)",2,"tex_utilization","Unified Cache Utilization","Mid (5)","Mid (5)","Mid (5)"
"Tesla P100-SXM2-16GB (0)","kmeansPoint(float*, int, int, int, int*, float*, float*, int*)",2,"ldst_fu_utilization","Load/Store Function Unit Utilization","Low (1)","Low (1)","Low (1)"
"Tesla P100-SXM2-16GB (0)","kmeansPoint(float*, int, int, int, int*, float*, float*, int*)",2,"cf_fu_utilization","Control-Flow Function Unit Utilization","Low (1)","Low (1)","Low (1)"
"Tesla P100-SXM2-16GB (0)","kmeansPoint(float*, int, int, int, int*, float*, float*, int*)",2,"tex_fu_utilization","Texture Function Unit Utilization","Mid (5)","Mid (5)","Mid (5)"
"Tesla P100-SXM2-16GB (0)","kmeansPoint(float*, int, int, int, int*, float*, float*, int*)",2,"special_fu_utilization","Special Function Unit Utilization","Idle (0)","Idle (0)","Idle (0)"
"Tesla P100-SXM2-16GB (0)","kmeansPoint(float*, int, int, int, int*, float*, float*, int*)",2,"half_precision_fu_utilization","Half-Precision Function Unit Utilization","Idle (0)","Idle (0)","Idle (0)"
"Tesla P100-SXM2-16GB (0)","kmeansPoint(float*, int, int, int, int*, float*, float*, int*)",2,"single_precision_fu_utilization","Single-Precision Function Unit Utilization","Low (2)","Low (2)","Low (2)"
"Tesla P100-SXM2-16GB (0)","kmeansPoint(float*, int, int, int, int*, float*, float*, int*)",2,"double_precision_fu_utilization","Double-Precision Function Unit Utilization","Idle (0)","Idle (0)","Idle (0)"
"Tesla P100-SXM2-16GB (0)","kmeansPoint(float*, int, int, int, int*, float*, float*, int*)",2,"flop_hp_efficiency","FLOP Efficiency(Peak Half)",0.000000%,0.000000%,0.000000%
"Tesla P100-SXM2-16GB (0)","kmeansPoint(float*, int, int, int, int*, float*, float*, int*)",2,"flop_sp_efficiency","FLOP Efficiency(Peak Single)",3.750586%,3.759107%,3.754846%
"Tesla P100-SXM2-16GB (0)","kmeansPoint(float*, int, int, int, int*, float*, float*, int*)",2,"flop_dp_efficiency","FLOP Efficiency(Peak Double)",0.000000%,0.000000%,0.000000%
"Tesla P100-SXM2-16GB (0)","kmeansPoint(float*, int, int, int, int*, float*, float*, int*)",2,"sysmem_read_utilization","System Memory Read Utilization","Idle (0)","Idle (0)","Idle (0)"
"Tesla P100-SXM2-16GB (0)","kmeansPoint(float*, int, int, int, int*, float*, float*, int*)",2,"sysmem_write_utilization","System Memory Write Utilization","Low (1)","Low (1)","Low (1)"
"Tesla P100-SXM2-16GB (0)","kmeansPoint(float*, int, int, int, int*, float*, float*, int*)",2,"pcie_total_data_transmitted","PCIe Total Data Transmitted",0,3072,1536
"Tesla P100-SXM2-16GB (0)","kmeansPoint(float*, int, int, int, int*, float*, float*, int*)",2,"pcie_total_data_received","PCIe Total Data Received",0,0,0
"Tesla P100-SXM2-16GB (0)","kmeansPoint(float*, int, int, int, int*, float*, float*, int*)",2,"inst_executed_global_loads","Warp level instructions for global loads",0,0,0
"Tesla P100-SXM2-16GB (0)","kmeansPoint(float*, int, int, int, int*, float*, float*, int*)",2,"inst_executed_local_loads","Warp level instructions for local loads",0,0,0
"Tesla P100-SXM2-16GB (0)","kmeansPoint(float*, int, int, int, int*, float*, float*, int*)",2,"inst_executed_shared_loads","Warp level instructions for shared loads",0,0,0
"Tesla P100-SXM2-16GB (0)","kmeansPoint(float*, int, int, int, int*, float*, float*, int*)",2,"inst_executed_surface_loads","Warp level instructions for surface loads",0,0,0
"Tesla P100-SXM2-16GB (0)","kmeansPoint(float*, int, int, int, int*, float*, float*, int*)",2,"inst_executed_global_stores","Warp level instructions for global stores",62500,62500,62500
"Tesla P100-SXM2-16GB (0)","kmeansPoint(float*, int, int, int, int*, float*, float*, int*)",2,"inst_executed_local_stores","Warp level instructions for local stores",0,0,0
"Tesla P100-SXM2-16GB (0)","kmeansPoint(float*, int, int, int, int*, float*, float*, int*)",2,"inst_executed_shared_stores","Warp level instructions for shared stores",0,0,0
"Tesla P100-SXM2-16GB (0)","kmeansPoint(float*, int, int, int, int*, float*, float*, int*)",2,"inst_executed_surface_stores","Warp level instructions for surface stores",0,0,0
"Tesla P100-SXM2-16GB (0)","kmeansPoint(float*, int, int, int, int*, float*, float*, int*)",2,"inst_executed_global_atomics","Warp level instructions for global atom and atom cas",0,0,0
"Tesla P100-SXM2-16GB (0)","kmeansPoint(float*, int, int, int, int*, float*, float*, int*)",2,"inst_executed_global_reductions","Warp level instructions for global reductions",0,0,0
"Tesla P100-SXM2-16GB (0)","kmeansPoint(float*, int, int, int, int*, float*, float*, int*)",2,"inst_executed_surface_atomics","Warp level instructions for surface atom and atom cas",0,0,0
"Tesla P100-SXM2-16GB (0)","kmeansPoint(float*, int, int, int, int*, float*, float*, int*)",2,"inst_executed_surface_reductions","Warp level instructions for surface reductions",0,0,0
"Tesla P100-SXM2-16GB (0)","kmeansPoint(float*, int, int, int, int*, float*, float*, int*)",2,"inst_executed_shared_atomics","Warp level shared instructions for atom and atom CAS",0,0,0
"Tesla P100-SXM2-16GB (0)","kmeansPoint(float*, int, int, int, int*, float*, float*, int*)",2,"inst_executed_tex_ops","Warp level instructions for texture",15687500,15687500,15687500
"Tesla P100-SXM2-16GB (0)","kmeansPoint(float*, int, int, int, int*, float*, float*, int*)",2,"l2_global_load_bytes","Bytes read from L2 for misses in Unified Cache for global loads",0,0,0
"Tesla P100-SXM2-16GB (0)","kmeansPoint(float*, int, int, int, int*, float*, float*, int*)",2,"l2_local_load_bytes","Bytes read from L2 for misses in Unified Cache for local loads",0,0,0
"Tesla P100-SXM2-16GB (0)","kmeansPoint(float*, int, int, int, int*, float*, float*, int*)",2,"l2_surface_load_bytes","Bytes read from L2 for misses in Unified Cache for surface loads",0,0,0
"Tesla P100-SXM2-16GB (0)","kmeansPoint(float*, int, int, int, int*, float*, float*, int*)",2,"dram_read_bytes","Total bytes read from DRAM to L2 cache",1998907648,1998970240,1998938944
"Tesla P100-SXM2-16GB (0)","kmeansPoint(float*, int, int, int, int*, float*, float*, int*)",2,"dram_write_bytes","Total bytes written from L2 cache to DRAM",9917824,9919616,9918720
"Tesla P100-SXM2-16GB (0)","kmeansPoint(float*, int, int, int, int*, float*, float*, int*)",2,"l2_local_global_store_bytes","Bytes written to L2 from Unified Cache for local and global stores.",8000000,8000000,8000000
"Tesla P100-SXM2-16GB (0)","kmeansPoint(float*, int, int, int, int*, float*, float*, int*)",2,"l2_global_reduction_bytes","Bytes written to L2 from Unified cache for global reductions",0,0,0
"Tesla P100-SXM2-16GB (0)","kmeansPoint(float*, int, int, int, int*, float*, float*, int*)",2,"l2_global_atomic_store_bytes","Bytes written to L2 from Unified cache for global atomics",0,0,0
"Tesla P100-SXM2-16GB (0)","kmeansPoint(float*, int, int, int, int*, float*, float*, int*)",2,"l2_surface_store_bytes","Bytes written to L2 from Unified Cache for surface stores.",0,0,0
"Tesla P100-SXM2-16GB (0)","kmeansPoint(float*, int, int, int, int*, float*, float*, int*)",2,"l2_surface_reduction_bytes","Bytes written to L2 from Unified Cache for surface reductions",0,0,0
"Tesla P100-SXM2-16GB (0)","kmeansPoint(float*, int, int, int, int*, float*, float*, int*)",2,"l2_surface_atomic_store_bytes","Bytes transferred between Unified Cache and L2 for surface atomics",0,0,0
"Tesla P100-SXM2-16GB (0)","kmeansPoint(float*, int, int, int, int*, float*, float*, int*)",2,"global_load_requests","Total number of global load requests from Multiprocessor",0,0,0
"Tesla P100-SXM2-16GB (0)","kmeansPoint(float*, int, int, int, int*, float*, float*, int*)",2,"local_load_requests","Total number of local load requests from Multiprocessor",0,0,0
"Tesla P100-SXM2-16GB (0)","kmeansPoint(float*, int, int, int, int*, float*, float*, int*)",2,"surface_load_requests","Total number of surface load requests from Multiprocessor",0,0,0
"Tesla P100-SXM2-16GB (0)","kmeansPoint(float*, int, int, int, int*, float*, float*, int*)",2,"global_store_requests","Total number of global store requests from Multiprocessor",250000,250000,250000
"Tesla P100-SXM2-16GB (0)","kmeansPoint(float*, int, int, int, int*, float*, float*, int*)",2,"local_store_requests","Total number of local store requests from Multiprocessor",0,0,0
"Tesla P100-SXM2-16GB (0)","kmeansPoint(float*, int, int, int, int*, float*, float*, int*)",2,"surface_store_requests","Total number of surface store requests from Multiprocessor",0,0,0
"Tesla P100-SXM2-16GB (0)","kmeansPoint(float*, int, int, int, int*, float*, float*, int*)",2,"global_atomic_requests","Total number of global atomic requests from Multiprocessor",0,0,0
"Tesla P100-SXM2-16GB (0)","kmeansPoint(float*, int, int, int, int*, float*, float*, int*)",2,"global_reduction_requests","Total number of global reduction requests from Multiprocessor",0,0,0
"Tesla P100-SXM2-16GB (0)","kmeansPoint(float*, int, int, int, int*, float*, float*, int*)",2,"surface_atomic_requests","Total number of surface atomic requests from Multiprocessor",0,0,0
"Tesla P100-SXM2-16GB (0)","kmeansPoint(float*, int, int, int, int*, float*, float*, int*)",2,"surface_reduction_requests","Total number of surface reduction requests from Multiprocessor",0,0,0
"Tesla P100-SXM2-16GB (0)","kmeansPoint(float*, int, int, int, int*, float*, float*, int*)",2,"sysmem_read_bytes","System Memory Read Bytes",0,0,0
"Tesla P100-SXM2-16GB (0)","kmeansPoint(float*, int, int, int, int*, float*, float*, int*)",2,"sysmem_write_bytes","System Memory Write Bytes",160,160,160
"Tesla P100-SXM2-16GB (0)","kmeansPoint(float*, int, int, int, int*, float*, float*, int*)",2,"l2_tex_hit_rate","L2 Cache Hit Rate",0.154912%,0.156897%,0.155904%
"Tesla P100-SXM2-16GB (0)","kmeansPoint(float*, int, int, int, int*, float*, float*, int*)",2,"texture_load_requests","Total number of texture Load requests from Multiprocessor",125500000,125500000,125500000
"Tesla P100-SXM2-16GB (0)","kmeansPoint(float*, int, int, int, int*, float*, float*, int*)",2,"unique_warps_launched","Number of warps launched",63368,63368,63368
